2026-03-21 21:24:12 | INFO    | swarm.main                | ════════════════════════════════════════════════════════════
2026-03-21 21:24:12 | INFO    | swarm.main                |   🚀 ADK RESEARCH SWARM — SESSION START
2026-03-21 21:24:12 | INFO    | swarm.main                | ════════════════════════════════════════════════════════════
2026-03-21 21:24:12 | INFO    | swarm.main                | Timestamp: 2026-03-21T21:24:12.748555
2026-03-21 21:24:12 | INFO    | swarm.main                | Log file:  /Users/surfiniaburger/Desktop/kaggle-agi-eval-swarm/swarm.log
2026-03-21 21:24:12 | INFO    | swarm.main                | 🧪 Starting Research MCP Server...
2026-03-21 21:24:14 | INFO    | swarm.coordinator         | 📂 Loaded session state: iteration=19, best_gap=0.0
2026-03-21 21:24:14 | INFO    | swarm.main                | ════════════════════════════════════════════════════════════
2026-03-21 21:24:14 | INFO    | swarm.main                |   🤖 SWARM SESSION ACTIVE — ENTERING EVENT LOOP
2026-03-21 21:24:14 | INFO    | swarm.main                | ════════════════════════════════════════════════════════════
2026-03-21 21:24:14 | INFO    | swarm.coordinator         | ════════════════════════════════════════════════════════════
2026-03-21 21:24:14 | INFO    | swarm.coordinator         |   PHASE 1: ENVIRONMENT SETUP
2026-03-21 21:24:14 | INFO    | swarm.coordinator         | ════════════════════════════════════════════════════════════
2026-03-21 21:24:14 | INFO    | swarm.mcp_server          | 🐚 Executing: git checkout -b autoresearch/mar21-2124 in /Users/surfiniaburger/Desktop/kaggle-agi-eval-swarm/research_env
2026-03-21 21:24:14 | INFO    | swarm.coordinator         | ✅ Environment initialized.
2026-03-21 21:24:14 | INFO    | swarm.coordinator         | ════════════════════════════════════════════════════════════
2026-03-21 21:24:14 | INFO    | swarm.coordinator         |   PHASE 2: INITIAL BASECHMARK
2026-03-21 21:24:14 | INFO    | swarm.coordinator         | ════════════════════════════════════════════════════════════
2026-03-21 21:24:14 | INFO    | swarm.mcp_server          | 🐚 Executing: > run.log in /Users/surfiniaburger/Desktop/kaggle-agi-eval-swarm/research_env
2026-03-21 21:24:14 | INFO    | swarm.mcp_server          | 🐚 Executing: git add benchmark.py && git commit -m "autocommit: baseline-reset" in /Users/surfiniaburger/Desktop/kaggle-agi-eval-swarm/research_env
2026-03-21 21:24:14 | INFO    | swarm.mcp_server          | 🐚 Executing: uv run -q benchmark.py > run.log 2>&1 in /Users/surfiniaburger/Desktop/kaggle-agi-eval-swarm/research_env
2026-03-21 21:24:17 | INFO    | swarm.coordinator         | 📊 Baseline: gap=0.0 | status=keep
2026-03-21 21:24:17 | INFO    | swarm.coordinator         | ════════════════════════════════════════════════════════════
2026-03-21 21:24:17 | INFO    | swarm.coordinator         |   PHASE 3: AUTONOMOUS LOOP (max 30 iterations)
2026-03-21 21:24:17 | INFO    | swarm.coordinator         | ════════════════════════════════════════════════════════════
2026-03-21 21:24:17 | INFO    | swarm.coordinator         | ────────────────────────────────────────────────────────────
2026-03-21 21:24:17 | INFO    | swarm.coordinator         |   🔄 ITERATION 19/30
2026-03-21 21:24:17 | INFO    | swarm.coordinator         | ────────────────────────────────────────────────────────────
2026-03-21 21:24:17 | INFO    | swarm.agents              | [MidLevelManager] Orchestrating research loop with Contextual Packets...
2026-03-21 21:24:17 | INFO    | swarm.agents              | [MidLevelManager] Step 1: Brain (Strategy Update - Iteration 19)
2026-03-21 21:24:17 | INFO    | swarm.agents              | [MidLevelManager] Step 1a: Context Optimizer (Pruning State...)
2026-03-21 21:24:18 | INFO    | LiteLLM                   | 
LiteLLM completion() model= qwen2.5-coder:7b; provider = ollama
2026-03-21 21:24:25 | INFO    | swarm.events              | EVENT #0001 | author=ContextOptimizer     | final=True | preview=```json {   "current_axis": "Initial Baseline",   "historical_narrative": "The team is currently focused on setting up t
2026-03-21 21:24:25 | INFO    | swarm.agents              | [MidLevelManager] State pruned. Injecting distilled JSON into Brain.
2026-03-21 21:24:25 | INFO    | swarm.agents              | [TheBrain] Analyzing results via shared documents...
2026-03-21 21:24:26 | INFO    | LiteLLM                   | 
LiteLLM completion() model= qwen3.5:9b; provider = ollama
2026-03-21 21:26:47 | INFO    | swarm.events              | EVENT #0002 | author=TheBrain             | final=True | preview=TARGET_NODE: benchmark_metacognition
2026-03-21 21:26:47 | INFO    | swarm.agents              | [MidLevelManager] Strategy category: 'unknown' (allowed)
2026-03-21 21:26:47 | INFO    | swarm.agents              | [MidLevelManager] Surgery Target identified: benchmark_metacognition
2026-03-21 21:26:47 | INFO    | swarm.agents              | [MidLevelManager] Step 2: Hands (Implementation - Attempt 1)
2026-03-21 21:26:47 | INFO    | swarm.agents              | [TheHands] Beginning code surgery...
2026-03-21 21:26:47 | INFO    | LiteLLM                   | 
LiteLLM completion() model= qwen2.5-coder:7b; provider = ollama
2026-03-21 21:26:50 | INFO    | swarm.events              | EVENT #0003 | author=TheHands             | final=True | preview=```python @kbench.task(name="benchmark_metacognition", description="Benchmarking metacognitive functions of the system."
2026-03-21 21:26:50 | INFO    | swarm.agents              | [TheHands] Code validation successful.
2026-03-21 21:26:50 | INFO    | swarm.agents              | [MidLevelManager] Step 3: Critic (Review)
2026-03-21 21:26:50 | INFO    | swarm.agents              | [TheCritic] Reviewing surgical patch...
2026-03-21 21:26:50 | INFO    | LiteLLM                   | 
LiteLLM completion() model= qwen3.5:9b; provider = ollama
2026-03-21 21:27:33 | INFO    | swarm.events              | EVENT #0004 | author=TheCritic            | final=True | preview=REJECT.  **Critique:** The proposed code fails the **Assertion Filter**. 1.  **Missing Assertions:** The implementation 
2026-03-21 21:27:33 | WARNING | swarm.agents              | [MidLevelManager] Code REJECTED by Critic. Attempting correction...
2026-03-21 21:27:33 | INFO    | swarm.agents              | [MidLevelManager] Step 2: Hands (Implementation - Attempt 2)
2026-03-21 21:27:33 | INFO    | swarm.agents              | [TheHands] Beginning code surgery...
2026-03-21 21:27:33 | INFO    | LiteLLM                   | 
LiteLLM completion() model= qwen2.5-coder:7b; provider = ollama
2026-03-21 21:27:53 | INFO    | swarm.events              | EVENT #0005 | author=TheHands             | final=True | preview=```python @kbench.task(name="benchmark_metacognition", description="Benchmarking metacognitive functions of the system."
2026-03-21 21:27:53 | INFO    | swarm.agents              | [TheHands] Code validation successful.
2026-03-21 21:27:53 | INFO    | swarm.agents              | [MidLevelManager] Step 3: Critic (Review)
2026-03-21 21:27:53 | INFO    | swarm.agents              | [TheCritic] Reviewing surgical patch...
2026-03-21 21:27:53 | INFO    | LiteLLM                   | 
LiteLLM completion() model= qwen3.5:9b; provider = ollama
2026-03-21 21:34:34 | INFO    | swarm.events              | EVENT #0006 | author=TheCritic            | final=True | preview=(no text)
2026-03-21 21:34:34 | INFO    | swarm.agents              | [MidLevelManager] Code APPROVED by Critic.
2026-03-21 21:34:35 | INFO    | swarm.coordinator         | ────────────────────────────────────────────────────────────
2026-03-21 21:34:35 | INFO    | swarm.coordinator         |   🔄 ITERATION 20/30
2026-03-21 21:34:35 | INFO    | swarm.coordinator         | ────────────────────────────────────────────────────────────
2026-03-21 21:34:35 | INFO    | swarm.agents              | [MidLevelManager] Orchestrating research loop with Contextual Packets...
2026-03-21 21:34:35 | INFO    | swarm.agents              | [MidLevelManager] Step 1: Brain (Strategy Update - Iteration 20)
2026-03-21 21:34:35 | INFO    | swarm.agents              | [MidLevelManager] Step 1a: Context Optimizer (Pruning State...)
2026-03-21 21:34:35 | INFO    | LiteLLM                   | 
LiteLLM completion() model= qwen2.5-coder:7b; provider = ollama
2026-03-21 21:34:47 | INFO    | swarm.events              | EVENT #0007 | author=ContextOptimizer     | final=True | preview=```json {   "current_axis": "Metacognitive Benchmarking",   "historical_narrative": "The team is working on developing a
2026-03-21 21:34:47 | INFO    | swarm.agents              | [MidLevelManager] State pruned. Injecting distilled JSON into Brain.
2026-03-21 21:34:47 | INFO    | swarm.agents              | [TheBrain] Analyzing results via shared documents...
2026-03-21 21:34:47 | INFO    | LiteLLM                   | 
LiteLLM completion() model= qwen3.5:9b; provider = ollama
2026-03-21 21:38:15 | INFO    | swarm.events              | EVENT #0008 | author=TheBrain             | final=True | preview=```python import kbench  def benchmark_metacognition(task_name):     """     Evaluates metacognitive abilities including
2026-03-21 21:38:15 | ERROR   | swarm.agents              | [MidLevelManager] DOMAIN CORRUPTION DETECTED: Brain is discussing ['aws']. ABORTING UPDATE.
2026-03-21 21:38:16 | INFO    | swarm.coordinator         | ────────────────────────────────────────────────────────────
2026-03-21 21:38:16 | INFO    | swarm.coordinator         |   🔄 ITERATION 21/30
2026-03-21 21:38:16 | INFO    | swarm.coordinator         | ────────────────────────────────────────────────────────────
2026-03-21 21:38:16 | INFO    | swarm.agents              | [MidLevelManager] Orchestrating research loop with Contextual Packets...
2026-03-21 21:38:16 | INFO    | swarm.agents              | [MidLevelManager] Step 1: Brain (Strategy Update - Iteration 21)
2026-03-21 21:38:16 | INFO    | swarm.agents              | [MidLevelManager] Step 1a: Context Optimizer (Pruning State...)
2026-03-21 21:38:16 | INFO    | LiteLLM                   | 
LiteLLM completion() model= qwen2.5-coder:7b; provider = ollama
2026-03-21 21:38:26 | INFO    | swarm.events              | EVENT #0009 | author=ContextOptimizer     | final=True | preview=```json {   "current_axis": "Metacognitive Benchmarking",   "historical_narrative": "The team is working on developing a
2026-03-21 21:38:26 | INFO    | swarm.agents              | [MidLevelManager] State pruned. Injecting distilled JSON into Brain.
2026-03-21 21:38:26 | INFO    | swarm.agents              | [TheBrain] Analyzing results via shared documents...
2026-03-21 21:38:26 | INFO    | LiteLLM                   | 
LiteLLM completion() model= qwen3.5:9b; provider = ollama
2026-03-21 21:42:50 | INFO    | swarm.events              | EVENT #0010 | author=TheBrain             | final=True | preview=```python import kbench import numpy as np import random from typing import Dict, Any, List, Tuple  # kbench imports fro
2026-03-21 21:42:50 | INFO    | swarm.agents              | [MidLevelManager] Strategy category: 'confidence_calibration' (allowed)
2026-03-21 21:42:50 | INFO    | swarm.agents              | [MidLevelManager] Fibonacci Milestone reached (Iter 21). Archiving Era...
2026-03-21 21:42:50 | ERROR   | swarm.agents              | [MidLevelManager] DOMAIN CORRUPTION DETECTED: Brain is discussing ['lambda']. Triggering Self-Healing...
2026-03-21 21:42:51 | INFO    | swarm.coordinator         | ────────────────────────────────────────────────────────────
2026-03-21 21:42:51 | INFO    | swarm.coordinator         |   🔄 ITERATION 22/30
2026-03-21 21:42:51 | INFO    | swarm.coordinator         | ────────────────────────────────────────────────────────────
2026-03-21 21:42:51 | INFO    | swarm.agents              | [MidLevelManager] Orchestrating research loop with Contextual Packets...
2026-03-21 21:42:51 | INFO    | swarm.agents              | [MidLevelManager] Step 1: Brain (Strategy Update - Iteration 22)
2026-03-21 21:42:51 | INFO    | swarm.agents              | [MidLevelManager] Step 1a: Context Optimizer (Pruning State...)
2026-03-21 21:42:51 | INFO    | LiteLLM                   | 
LiteLLM completion() model= qwen2.5-coder:7b; provider = ollama
2026-03-21 21:43:23 | INFO    | swarm.events              | EVENT #0011 | author=ContextOptimizer     | final=True | preview=```python import kbench from kbench import BenchmarkTask, AssertionType  class CognitiveStabilityBenchmark(kbench.Benchm
2026-03-21 21:43:23 | INFO    | swarm.agents              | [MidLevelManager] State pruned. Injecting distilled JSON into Brain.
2026-03-21 21:43:23 | INFO    | swarm.agents              | [TheBrain] Analyzing results via shared documents...
2026-03-21 21:43:23 | INFO    | LiteLLM                   | 
LiteLLM completion() model= qwen3.5:9b; provider = ollama
2026-03-21 21:46:55 | INFO    | swarm.events              | EVENT #0012 | author=TheBrain             | final=True | preview=import kbench from kbench import BenchmarkTask, AssertionType  class BenchmarkMetacognition:     """     Node for Benchm
2026-03-21 21:46:55 | INFO    | swarm.agents              | [MidLevelManager] Strategy category: 'unknown' (allowed)
2026-03-21 21:46:55 | INFO    | swarm.agents              | [MidLevelManager] Surgery Target identified: benchmark_metacognition
2026-03-21 21:46:55 | INFO    | swarm.agents              | [MidLevelManager] Step 2: Hands (Implementation - Attempt 1)
2026-03-21 21:46:55 | INFO    | swarm.agents              | [TheHands] Beginning code surgery...
2026-03-21 21:46:55 | INFO    | LiteLLM                   | 
LiteLLM completion() model= qwen2.5-coder:7b; provider = ollama
2026-03-21 21:47:21 | INFO    | swarm.events              | EVENT #0013 | author=TheHands             | final=True | preview=```python import kbench from kbench import BenchmarkTask, AssertionType  class BenchmarkMetacognition:     """     Node 
2026-03-21 21:47:21 | INFO    | swarm.agents              | [TheHands] Code validation successful.
2026-03-21 21:47:21 | INFO    | swarm.agents              | [MidLevelManager] Step 3: Critic (Review)
2026-03-21 21:47:21 | INFO    | swarm.agents              | [TheCritic] Reviewing surgical patch...
2026-03-21 21:47:21 | INFO    | LiteLLM                   | 
LiteLLM completion() model= qwen3.5:9b; provider = ollama
2026-03-21 21:50:24 | INFO    | swarm.events              | EVENT #0014 | author=TheCritic            | final=True | preview=Based on the analysis of the provided code snippets (TheBrain and TheHands) and the context from `CognitiveStabilityBenc
2026-03-21 21:50:24 | INFO    | swarm.agents              | [MidLevelManager] Code APPROVED by Critic.
2026-03-21 21:50:26 | INFO    | swarm.coordinator         | ────────────────────────────────────────────────────────────
2026-03-21 21:50:26 | INFO    | swarm.coordinator         |   🔄 ITERATION 23/30
2026-03-21 21:50:26 | INFO    | swarm.coordinator         | ────────────────────────────────────────────────────────────
2026-03-21 21:50:26 | INFO    | swarm.agents              | [MidLevelManager] Orchestrating research loop with Contextual Packets...
2026-03-21 21:50:26 | INFO    | swarm.agents              | [MidLevelManager] Step 1: Brain (Strategy Update - Iteration 23)
2026-03-21 21:50:26 | INFO    | swarm.agents              | [MidLevelManager] Step 1a: Context Optimizer (Pruning State...)
2026-03-21 21:50:26 | INFO    | LiteLLM                   | 
LiteLLM completion() model= qwen2.5-coder:7b; provider = ollama
2026-03-21 21:50:57 | INFO    | swarm.events              | EVENT #0015 | author=ContextOptimizer     | final=True | preview=```python class BenchmarkMetacognition:     """     Node for Benchmarking Metacognition with focus on Memory & Context S
2026-03-21 21:50:57 | INFO    | swarm.agents              | [MidLevelManager] State pruned. Injecting distilled JSON into Brain.
2026-03-21 21:50:57 | INFO    | swarm.agents              | [TheBrain] Analyzing results via shared documents...
2026-03-21 21:50:57 | INFO    | LiteLLM                   | 
LiteLLM completion() model= qwen3.5:9b; provider = ollama
2026-03-21 21:55:24 | INFO    | swarm.events              | EVENT #0016 | author=TheBrain             | final=True | preview=### Refactored Code  ```python from typing import List, Dict, Any, Optional, Union from dataclasses import dataclass, fi
2026-03-21 21:55:24 | INFO    | swarm.agents              | [MidLevelManager] Strategy category: 'error_monitoring' (allowed)
2026-03-21 21:55:24 | INFO    | swarm.agents              | [MidLevelManager] Step 2: Hands (Implementation - Attempt 1)
2026-03-21 21:55:24 | INFO    | swarm.agents              | [TheHands] Beginning code surgery...
2026-03-21 21:55:24 | INFO    | LiteLLM                   | 
LiteLLM completion() model= qwen2.5-coder:7b; provider = ollama
2026-03-21 21:55:40 | INFO    | swarm.events              | EVENT #0017 | author=TheHands             | final=True | preview=```json {   "response": "The refactored code introduces a more comprehensive and flexible structure for the BenchmarkMet
2026-03-21 21:55:40 | INFO    | swarm.agents              | [TheHands] Code validation successful.
2026-03-21 21:55:40 | INFO    | swarm.agents              | [MidLevelManager] Step 3: Critic (Review)
2026-03-21 21:55:40 | INFO    | swarm.agents              | [TheCritic] Reviewing surgical patch...
2026-03-21 21:55:40 | INFO    | LiteLLM                   | 
LiteLLM completion() model= qwen3.5:9b; provider = ollama
2026-03-21 21:58:59 | INFO    | swarm.main                | ════════════════════════════════════════════════════════════
2026-03-21 21:58:59 | INFO    | swarm.main                |   🚀 ADK RESEARCH SWARM — SESSION START
2026-03-21 21:58:59 | INFO    | swarm.main                | ════════════════════════════════════════════════════════════
2026-03-21 21:58:59 | INFO    | swarm.main                | Timestamp: 2026-03-21T21:58:59.968113
2026-03-21 21:58:59 | INFO    | swarm.main                | Log file:  /Users/surfiniaburger/Desktop/kaggle-agi-eval-swarm/swarm.log
2026-03-21 21:58:59 | INFO    | swarm.main                | 🧪 Starting Research MCP Server...
2026-03-21 21:59:02 | INFO    | swarm.coordinator         | 📂 Loaded session state: iteration=23, best_gap=0.0
2026-03-21 21:59:02 | INFO    | swarm.main                | ════════════════════════════════════════════════════════════
2026-03-21 21:59:02 | INFO    | swarm.main                |   🤖 SWARM SESSION ACTIVE — ENTERING EVENT LOOP
2026-03-21 21:59:02 | INFO    | swarm.main                | ════════════════════════════════════════════════════════════
2026-03-21 21:59:02 | INFO    | swarm.coordinator         | ════════════════════════════════════════════════════════════
2026-03-21 21:59:02 | INFO    | swarm.coordinator         |   PHASE 1: ENVIRONMENT SETUP
2026-03-21 21:59:02 | INFO    | swarm.coordinator         | ════════════════════════════════════════════════════════════
2026-03-21 21:59:02 | INFO    | swarm.mcp_server          | 🐚 Executing: git checkout -b autoresearch/mar21-2159 in /Users/surfiniaburger/Desktop/kaggle-agi-eval-swarm/research_env
2026-03-21 21:59:02 | INFO    | swarm.coordinator         | ✅ Environment initialized.
2026-03-21 21:59:02 | INFO    | swarm.coordinator         | ════════════════════════════════════════════════════════════
2026-03-21 21:59:02 | INFO    | swarm.coordinator         |   PHASE 2: INITIAL BASECHMARK
2026-03-21 21:59:02 | INFO    | swarm.coordinator         | ════════════════════════════════════════════════════════════
2026-03-21 21:59:02 | INFO    | swarm.mcp_server          | 🐚 Executing: > run.log in /Users/surfiniaburger/Desktop/kaggle-agi-eval-swarm/research_env
2026-03-21 21:59:02 | INFO    | swarm.mcp_server          | 🐚 Executing: git add benchmark.py && git commit -m "autocommit: baseline-reset" in /Users/surfiniaburger/Desktop/kaggle-agi-eval-swarm/research_env
2026-03-21 21:59:02 | INFO    | swarm.mcp_server          | 🐚 Executing: uv run -q benchmark.py > run.log 2>&1 in /Users/surfiniaburger/Desktop/kaggle-agi-eval-swarm/research_env
2026-03-21 21:59:04 | INFO    | swarm.coordinator         | 📊 Baseline: gap=0.0 | status=keep
2026-03-21 21:59:04 | INFO    | swarm.coordinator         | ════════════════════════════════════════════════════════════
2026-03-21 21:59:04 | INFO    | swarm.coordinator         |   PHASE 3: AUTONOMOUS LOOP (max 30 iterations)
2026-03-21 21:59:04 | INFO    | swarm.coordinator         | ════════════════════════════════════════════════════════════
2026-03-21 21:59:04 | INFO    | swarm.coordinator         | ────────────────────────────────────────────────────────────
2026-03-21 21:59:04 | INFO    | swarm.coordinator         |   🔄 ITERATION 23/30
2026-03-21 21:59:04 | INFO    | swarm.coordinator         | ────────────────────────────────────────────────────────────
2026-03-21 21:59:04 | INFO    | swarm.coordinator         | 🛡️ Running Embedded BDD Sanity Checks...
2026-03-21 21:59:04 | INFO    | swarm.coordinator         | ✅ Architecture is sane.
2026-03-21 21:59:04 | INFO    | swarm.agents              | [MidLevelManager] Orchestrating research loop with Contextual Packets...
2026-03-21 21:59:04 | INFO    | swarm.agents              | [MidLevelManager] Step 1: Brain (Strategy Update - Iteration 23)
2026-03-21 21:59:04 | INFO    | swarm.agents              | [MidLevelManager] Step 1a: Context Optimizer (Pruning State...)
2026-03-21 21:59:06 | INFO    | LiteLLM                   | 
LiteLLM completion() model= qwen2.5-coder:7b; provider = ollama
2026-03-21 21:59:15 | INFO    | swarm.events              | EVENT #0001 | author=ContextOptimizer     | final=True | preview=```json {   "current_axis": "Memory & Context Stability under Distraction",   "historical_narrative": "The research chro
2026-03-21 21:59:15 | INFO    | swarm.agents              | [MidLevelManager] State pruned. Injecting distilled JSON into Brain.
2026-03-21 21:59:15 | INFO    | swarm.agents              | [TheBrain] Analyzing results via shared documents...
2026-03-21 21:59:15 | INFO    | LiteLLM                   | 
LiteLLM completion() model= qwen3.5:9b; provider = ollama
2026-03-21 21:59:24 | INFO    | swarm.events              | EVENT #0018 | author=TheCritic            | final=True | preview=Based on the provided context and code snippets, here is the **final consolidated implementation** of the `BenchmarkMeta
2026-03-21 21:59:24 | INFO    | swarm.agents              | [MidLevelManager] Code APPROVED by Critic.
2026-03-21 21:59:25 | INFO    | swarm.coordinator         | ────────────────────────────────────────────────────────────
2026-03-21 21:59:25 | INFO    | swarm.coordinator         |   🔄 ITERATION 24/30
2026-03-21 21:59:25 | INFO    | swarm.coordinator         | ────────────────────────────────────────────────────────────
2026-03-21 21:59:25 | INFO    | swarm.agents              | [MidLevelManager] Orchestrating research loop with Contextual Packets...
2026-03-21 21:59:25 | INFO    | swarm.agents              | [MidLevelManager] Step 1: Brain (Strategy Update - Iteration 24)
2026-03-21 21:59:25 | INFO    | swarm.agents              | [MidLevelManager] Step 1a: Context Optimizer (Pruning State...)
2026-03-21 21:59:25 | INFO    | LiteLLM                   | 
LiteLLM completion() model= qwen2.5-coder:7b; provider = ollama
2026-03-21 22:00:35 | INFO    | swarm.events              | EVENT #0019 | author=ContextOptimizer     | final=True | preview=### Final Implementation  ```python import dataclasses import uuid from typing import List, Dict, Any, Optional, Union  
2026-03-21 22:00:35 | INFO    | swarm.agents              | [MidLevelManager] State pruned. Injecting distilled JSON into Brain.
2026-03-21 22:00:35 | INFO    | swarm.agents              | [TheBrain] Analyzing results via shared documents...
2026-03-21 22:00:35 | INFO    | LiteLLM                   | 
LiteLLM completion() model= qwen3.5:9b; provider = ollama
2026-03-21 22:02:07 | INFO    | swarm.events              | EVENT #0002 | author=TheBrain             | final=True | preview=TARGET_NODE: benchmark_metacognition  ### Cognitive Surgery Report: Initialization Phase  **Diagnosis:** The autonomous 
2026-03-21 22:02:07 | INFO    | swarm.agents              | [MidLevelManager] Strategy category: 'error_monitoring' (allowed)
2026-03-21 22:02:07 | INFO    | swarm.agents              | [MidLevelManager] Surgery Target identified: benchmark_metacognition
2026-03-21 22:02:07 | INFO    | swarm.agents              | [MidLevelManager] Step 2: Hands (Implementation - Attempt 1)
2026-03-21 22:02:07 | INFO    | swarm.agents              | [TheHands] Beginning code surgery...
2026-03-21 22:02:07 | INFO    | LiteLLM                   | 
LiteLLM completion() model= qwen2.5-coder:7b; provider = ollama
2026-03-21 22:02:18 | INFO    | swarm.main                | 🛑 Shutting down MCP Server...
2026-03-21 22:02:41 | INFO    | swarm.main                | ════════════════════════════════════════════════════════════
2026-03-21 22:02:41 | INFO    | swarm.main                |   🚀 ADK RESEARCH SWARM — SESSION START
2026-03-21 22:02:41 | INFO    | swarm.main                | ════════════════════════════════════════════════════════════
2026-03-21 22:02:41 | INFO    | swarm.main                | Timestamp: 2026-03-21T22:02:41.899374
2026-03-21 22:02:41 | INFO    | swarm.main                | Log file:  /Users/surfiniaburger/Desktop/kaggle-agi-eval-swarm/swarm.log
2026-03-21 22:02:41 | INFO    | swarm.main                | 🧪 Starting Research MCP Server...
2026-03-21 22:02:44 | INFO    | swarm.coordinator         | 📂 Loaded session state: iteration=24, best_gap=0.0
2026-03-21 22:02:44 | INFO    | swarm.main                | ════════════════════════════════════════════════════════════
2026-03-21 22:02:44 | INFO    | swarm.main                |   🤖 SWARM SESSION ACTIVE — ENTERING EVENT LOOP
2026-03-21 22:02:44 | INFO    | swarm.main                | ════════════════════════════════════════════════════════════
2026-03-21 22:02:44 | INFO    | swarm.coordinator         | ════════════════════════════════════════════════════════════
2026-03-21 22:02:44 | INFO    | swarm.coordinator         |   PHASE 1: ENVIRONMENT SETUP
2026-03-21 22:02:44 | INFO    | swarm.coordinator         | ════════════════════════════════════════════════════════════
2026-03-21 22:02:44 | INFO    | swarm.mcp_server          | 🐚 Executing: git checkout -b autoresearch/mar21-2202 in /Users/surfiniaburger/Desktop/kaggle-agi-eval-swarm/research_env
2026-03-21 22:02:44 | INFO    | swarm.coordinator         | ✅ Environment initialized.
2026-03-21 22:02:44 | INFO    | swarm.coordinator         | ════════════════════════════════════════════════════════════
2026-03-21 22:02:44 | INFO    | swarm.coordinator         |   PHASE 2: INITIAL BASECHMARK
2026-03-21 22:02:44 | INFO    | swarm.coordinator         | ════════════════════════════════════════════════════════════
2026-03-21 22:02:44 | INFO    | swarm.mcp_server          | 🐚 Executing: > run.log in /Users/surfiniaburger/Desktop/kaggle-agi-eval-swarm/research_env
2026-03-21 22:02:44 | INFO    | swarm.mcp_server          | 🐚 Executing: git add benchmark.py && git commit -m "autocommit: baseline-reset" in /Users/surfiniaburger/Desktop/kaggle-agi-eval-swarm/research_env
2026-03-21 22:02:44 | INFO    | swarm.mcp_server          | 🐚 Executing: uv run -q benchmark.py > run.log 2>&1 in /Users/surfiniaburger/Desktop/kaggle-agi-eval-swarm/research_env
2026-03-21 22:02:46 | INFO    | swarm.coordinator         | 📊 Baseline: gap=0.0 | status=keep
2026-03-21 22:02:46 | INFO    | swarm.coordinator         | ════════════════════════════════════════════════════════════
2026-03-21 22:02:46 | INFO    | swarm.coordinator         |   PHASE 3: AUTONOMOUS LOOP (max 30 iterations)
2026-03-21 22:02:46 | INFO    | swarm.coordinator         | ════════════════════════════════════════════════════════════
2026-03-21 22:02:46 | INFO    | swarm.coordinator         | ────────────────────────────────────────────────────────────
2026-03-21 22:02:46 | INFO    | swarm.coordinator         |   🔄 ITERATION 24/30
2026-03-21 22:02:46 | INFO    | swarm.coordinator         | ────────────────────────────────────────────────────────────
2026-03-21 22:02:46 | INFO    | swarm.coordinator         | 🛡️ Running Embedded BDD Sanity Checks...
2026-03-21 22:02:46 | INFO    | swarm.coordinator         | ✅ Architecture is sane.
2026-03-21 22:02:46 | INFO    | swarm.agents              | [MidLevelManager] Orchestrating research loop with Contextual Packets...
2026-03-21 22:02:46 | INFO    | swarm.agents              | [MidLevelManager] Step 1: Brain (Strategy Update - Iteration 24)
2026-03-21 22:02:46 | INFO    | swarm.agents              | [MidLevelManager] Step 1a: Context Optimizer (Pruning State...)
2026-03-21 22:02:49 | INFO    | LiteLLM                   | 
LiteLLM completion() model= qwen2.5-coder:7b; provider = ollama
2026-03-21 22:02:56 | INFO    | swarm.events              | EVENT #0001 | author=ContextOptimizer     | final=True | preview=```json {   "current_axis": "Initial Baseline",   "historical_narrative": "The research chronicle outlines the progressi
2026-03-21 22:02:56 | INFO    | swarm.agents              | [MidLevelManager] State pruned. Injecting distilled JSON into Brain.
2026-03-21 22:02:56 | INFO    | swarm.agents              | [TheBrain] Analyzing results via shared documents...
2026-03-21 22:02:56 | INFO    | LiteLLM                   | 
LiteLLM completion() model= qwen3.5:9b; provider = ollama
2026-03-21 22:06:36 | INFO    | swarm.main                | ════════════════════════════════════════════════════════════
2026-03-21 22:06:36 | INFO    | swarm.main                |   🚀 ADK RESEARCH SWARM — SESSION START
2026-03-21 22:06:36 | INFO    | swarm.main                | ════════════════════════════════════════════════════════════
2026-03-21 22:06:36 | INFO    | swarm.main                | Timestamp: 2026-03-21T22:06:36.884365
2026-03-21 22:06:36 | INFO    | swarm.main                | Log file:  /Users/surfiniaburger/Desktop/kaggle-agi-eval-swarm/swarm.log
2026-03-21 22:06:36 | INFO    | swarm.main                | 🧪 Starting Research MCP Server...
2026-03-21 22:06:39 | INFO    | swarm.coordinator         | 📂 Loaded session state: iteration=1, best_gap=0.0
2026-03-21 22:06:39 | INFO    | swarm.main                | ════════════════════════════════════════════════════════════
2026-03-21 22:06:39 | INFO    | swarm.main                |   🤖 SWARM SESSION ACTIVE — ENTERING EVENT LOOP
2026-03-21 22:06:39 | INFO    | swarm.main                | ════════════════════════════════════════════════════════════
2026-03-21 22:06:39 | INFO    | swarm.coordinator         | ════════════════════════════════════════════════════════════
2026-03-21 22:06:39 | INFO    | swarm.coordinator         |   PHASE 1: ENVIRONMENT SETUP
2026-03-21 22:06:39 | INFO    | swarm.coordinator         | ════════════════════════════════════════════════════════════
2026-03-21 22:06:39 | INFO    | swarm.mcp_server          | 🐚 Executing: git checkout -b autoresearch/mar21-2206 in /Users/surfiniaburger/Desktop/kaggle-agi-eval-swarm/research_env
2026-03-21 22:06:39 | INFO    | swarm.coordinator         | ✅ Environment initialized.
2026-03-21 22:06:39 | INFO    | swarm.coordinator         | ════════════════════════════════════════════════════════════
2026-03-21 22:06:39 | INFO    | swarm.coordinator         |   PHASE 2: INITIAL BASECHMARK
2026-03-21 22:06:39 | INFO    | swarm.coordinator         | ════════════════════════════════════════════════════════════
2026-03-21 22:06:39 | INFO    | swarm.mcp_server          | 🐚 Executing: > run.log in /Users/surfiniaburger/Desktop/kaggle-agi-eval-swarm/research_env
2026-03-21 22:06:39 | INFO    | swarm.mcp_server          | 🐚 Executing: git add benchmark.py && git commit -m "autocommit: baseline-reset" in /Users/surfiniaburger/Desktop/kaggle-agi-eval-swarm/research_env
2026-03-21 22:06:39 | INFO    | swarm.mcp_server          | 🐚 Executing: uv run -q benchmark.py > run.log 2>&1 in /Users/surfiniaburger/Desktop/kaggle-agi-eval-swarm/research_env
2026-03-21 22:06:41 | INFO    | swarm.coordinator         | 📊 Baseline: gap=0.0 | status=keep
2026-03-21 22:06:41 | INFO    | swarm.coordinator         | ════════════════════════════════════════════════════════════
2026-03-21 22:06:41 | INFO    | swarm.coordinator         |   PHASE 3: AUTONOMOUS LOOP (max 30 iterations)
2026-03-21 22:06:41 | INFO    | swarm.coordinator         | ════════════════════════════════════════════════════════════
2026-03-21 22:06:41 | INFO    | swarm.coordinator         | ────────────────────────────────────────────────────────────
2026-03-21 22:06:41 | INFO    | swarm.coordinator         |   🔄 ITERATION 1/30
2026-03-21 22:06:41 | INFO    | swarm.coordinator         | ────────────────────────────────────────────────────────────
2026-03-21 22:06:41 | INFO    | swarm.coordinator         | 🛡️ Running Embedded BDD Sanity Checks...
2026-03-21 22:06:42 | INFO    | swarm.coordinator         | ✅ Architecture is sane.
2026-03-21 22:06:42 | INFO    | swarm.agents              | [MidLevelManager] Orchestrating research loop with Contextual Packets...
2026-03-21 22:06:42 | INFO    | swarm.agents              | [MidLevelManager] Step 1: Brain (Strategy Update - Iteration 1)
2026-03-21 22:06:42 | INFO    | swarm.agents              | [MidLevelManager] Step 1a: Context Optimizer (Pruning State...)
2026-03-21 22:06:47 | INFO    | LiteLLM                   | 
LiteLLM completion() model= qwen2.5-coder:7b; provider = ollama
2026-03-21 22:06:56 | INFO    | swarm.events              | EVENT #0001 | author=ContextOptimizer     | final=True | preview=```json {   "current_axis": "Memory & Context Stability under Distraction",   "historical_narrative": "The system has be
2026-03-21 22:06:56 | INFO    | swarm.agents              | [MidLevelManager] State pruned. Injecting distilled JSON into Brain.
2026-03-21 22:06:56 | INFO    | swarm.agents              | [TheBrain] Analyzing results via shared documents...
2026-03-21 22:06:56 | INFO    | LiteLLM                   | 
LiteLLM completion() model= qwen3.5:9b; provider = ollama
2026-03-21 22:08:11 | INFO    | swarm.events              | EVENT #0020 | author=TheBrain             | final=True | preview=This is a very strong implementation. It combines robust token counting, async task execution, and dynamic load manageme
2026-03-21 22:08:11 | INFO    | swarm.agents              | [MidLevelManager] Strategy category: 'confidence_calibration' (allowed)
2026-03-21 22:08:11 | INFO    | swarm.agents              | [MidLevelManager] Step 2: Hands (Implementation - Attempt 1)
2026-03-21 22:08:11 | INFO    | swarm.agents              | [TheHands] Beginning code surgery...
2026-03-21 22:08:11 | INFO    | LiteLLM                   | 
LiteLLM completion() model= qwen2.5-coder:7b; provider = ollama
2026-03-21 22:08:59 | INFO    | swarm.events              | EVENT #0021 | author=TheHands             | final=True | preview=Your refactored implementation addresses several important areas that enhance the robustness and usability of the benchm
2026-03-21 22:08:59 | INFO    | swarm.agents              | [TheHands] Code validation successful.
2026-03-21 22:08:59 | INFO    | swarm.agents              | [MidLevelManager] Step 3: Critic (Review)
2026-03-21 22:08:59 | INFO    | swarm.agents              | [TheCritic] Reviewing surgical patch...
2026-03-21 22:08:59 | INFO    | LiteLLM                   | 
LiteLLM completion() model= qwen3.5:9b; provider = ollama
2026-03-21 22:12:56 | ERROR   | swarm.coordinator         | 🌐 Network Error in Iteration 24: litellm.APIConnectionError: OllamaException - litellm.Timeout: Connection timed out. Timeout passed=600.0, time taken=599.979 seconds
2026-03-21 22:12:56 | INFO    | swarm.coordinator         | ⏳ Sleeping for 60 seconds before retrying the same iteration due to network failure...
2026-03-21 22:13:56 | INFO    | swarm.coordinator         | ────────────────────────────────────────────────────────────
2026-03-21 22:13:56 | INFO    | swarm.coordinator         |   🔄 ITERATION 24/30
2026-03-21 22:13:56 | INFO    | swarm.coordinator         | ────────────────────────────────────────────────────────────
2026-03-21 22:13:56 | INFO    | swarm.coordinator         | 🛡️ Running Embedded BDD Sanity Checks...
2026-03-21 22:13:56 | INFO    | swarm.coordinator         | ✅ Architecture is sane.
2026-03-21 22:13:56 | INFO    | swarm.agents              | [MidLevelManager] Orchestrating research loop with Contextual Packets...
2026-03-21 22:13:56 | INFO    | swarm.agents              | [MidLevelManager] Step 1: Brain (Strategy Update - Iteration 24)
2026-03-21 22:13:56 | INFO    | swarm.agents              | [MidLevelManager] Step 1a: Context Optimizer (Pruning State...)
2026-03-21 22:13:57 | INFO    | LiteLLM                   | 
LiteLLM completion() model= qwen2.5-coder:7b; provider = ollama
2026-03-21 22:14:05 | INFO    | swarm.events              | EVENT #0002 | author=ContextOptimizer     | final=True | preview=```json {   "current_axis": "Initial Baseline",   "historical_narrative": "The research chronicle outlines the progressi
2026-03-21 22:14:05 | INFO    | swarm.agents              | [MidLevelManager] State pruned. Injecting distilled JSON into Brain.
2026-03-21 22:14:05 | INFO    | swarm.agents              | [TheBrain] Analyzing results via shared documents...
2026-03-21 22:14:05 | INFO    | LiteLLM                   | 
LiteLLM completion() model= qwen3.5:9b; provider = ollama
2026-03-21 22:16:56 | INFO    | swarm.events              | EVENT #0002 | author=TheBrain             | final=True | preview=(no text)
2026-03-21 22:16:56 | INFO    | swarm.agents              | [MidLevelManager] Step 2: Hands (Implementation - Attempt 1)
2026-03-21 22:16:56 | INFO    | swarm.agents              | [TheHands] Beginning code surgery...
2026-03-21 22:16:56 | INFO    | LiteLLM                   | 
LiteLLM completion() model= qwen2.5-coder:7b; provider = ollama
2026-03-21 22:17:08 | INFO    | swarm.events              | EVENT #0003 | author=TheHands             | final=True | preview=```python import kaggle_benchmarks as kbench  class CognitiveStabilityBenchmark(kbench.Benchmark):     def __init__(self
2026-03-21 22:17:08 | INFO    | swarm.agents              | [TheHands] Code validation successful.
2026-03-21 22:17:08 | INFO    | swarm.agents              | [MidLevelManager] Step 3: Critic (Review)
2026-03-21 22:17:08 | INFO    | swarm.agents              | [TheCritic] Reviewing surgical patch...
2026-03-21 22:17:08 | INFO    | LiteLLM                   | 
LiteLLM completion() model= qwen3.5:9b; provider = ollama
2026-03-21 22:18:54 | INFO    | swarm.main                | ════════════════════════════════════════════════════════════
2026-03-21 22:18:54 | INFO    | swarm.main                |   🚀 ADK RESEARCH SWARM — SESSION START
2026-03-21 22:18:54 | INFO    | swarm.main                | ════════════════════════════════════════════════════════════
2026-03-21 22:18:54 | INFO    | swarm.main                | Timestamp: 2026-03-21T22:18:54.216848
2026-03-21 22:18:54 | INFO    | swarm.main                | Log file:  /Users/surfiniaburger/Desktop/kaggle-agi-eval-swarm/swarm.log
2026-03-21 22:18:54 | INFO    | swarm.main                | 🧪 Starting Research MCP Server...
2026-03-21 22:19:27 | INFO    | swarm.main                | ════════════════════════════════════════════════════════════
2026-03-21 22:19:27 | INFO    | swarm.main                |   🚀 ADK RESEARCH SWARM — SESSION START
2026-03-21 22:19:27 | INFO    | swarm.main                | ════════════════════════════════════════════════════════════
2026-03-21 22:19:27 | INFO    | swarm.main                | Timestamp: 2026-03-21T22:19:27.234897
2026-03-21 22:19:27 | INFO    | swarm.main                | Log file:  /Users/surfiniaburger/Desktop/kaggle-agi-eval-swarm/swarm.log
2026-03-21 22:19:27 | INFO    | swarm.main                | 🧪 Starting Research MCP Server...
2026-03-21 22:19:29 | INFO    | swarm.coordinator         | 📂 Loaded session state: iteration=1, best_gap=0.0
2026-03-21 22:19:29 | INFO    | swarm.main                | ════════════════════════════════════════════════════════════
2026-03-21 22:19:29 | INFO    | swarm.main                |   🤖 SWARM SESSION ACTIVE — ENTERING EVENT LOOP
2026-03-21 22:19:29 | INFO    | swarm.main                | ════════════════════════════════════════════════════════════
2026-03-21 22:19:29 | INFO    | swarm.coordinator         | ════════════════════════════════════════════════════════════
2026-03-21 22:19:29 | INFO    | swarm.coordinator         |   PHASE 1: ENVIRONMENT SETUP
2026-03-21 22:19:29 | INFO    | swarm.coordinator         | ════════════════════════════════════════════════════════════
2026-03-21 22:19:29 | INFO    | swarm.mcp_server          | 🐚 Executing: git checkout -b autoresearch/mar21-2219 in /Users/surfiniaburger/Desktop/kaggle-agi-eval-swarm/research_env
2026-03-21 22:19:29 | INFO    | swarm.coordinator         | ✅ Environment initialized.
2026-03-21 22:19:29 | INFO    | swarm.coordinator         | ════════════════════════════════════════════════════════════
2026-03-21 22:19:29 | INFO    | swarm.coordinator         |   PHASE 2: INITIAL BASECHMARK
2026-03-21 22:19:29 | INFO    | swarm.coordinator         | ════════════════════════════════════════════════════════════
2026-03-21 22:19:29 | INFO    | swarm.mcp_server          | 🐚 Executing: > run.log in /Users/surfiniaburger/Desktop/kaggle-agi-eval-swarm/research_env
2026-03-21 22:19:29 | INFO    | swarm.mcp_server          | 🐚 Executing: git add benchmark.py && git commit -m "autocommit: baseline-reset" in /Users/surfiniaburger/Desktop/kaggle-agi-eval-swarm/research_env
2026-03-21 22:19:29 | INFO    | swarm.mcp_server          | 🐚 Executing: uv run -q benchmark.py > run.log 2>&1 in /Users/surfiniaburger/Desktop/kaggle-agi-eval-swarm/research_env
2026-03-21 22:19:31 | INFO    | swarm.coordinator         | 📊 Baseline: gap=0.0 | status=keep
2026-03-21 22:19:31 | INFO    | swarm.coordinator         | ════════════════════════════════════════════════════════════
2026-03-21 22:19:31 | INFO    | swarm.coordinator         |   PHASE 3: AUTONOMOUS LOOP (max 30 iterations)
2026-03-21 22:19:31 | INFO    | swarm.coordinator         | ════════════════════════════════════════════════════════════
2026-03-21 22:19:31 | INFO    | swarm.coordinator         | ────────────────────────────────────────────────────────────
2026-03-21 22:19:31 | INFO    | swarm.coordinator         |   🔄 ITERATION 1/30
2026-03-21 22:19:31 | INFO    | swarm.coordinator         | ────────────────────────────────────────────────────────────
2026-03-21 22:19:31 | INFO    | swarm.coordinator         | 🛡️ Running Embedded BDD Sanity Checks...
2026-03-21 22:19:31 | INFO    | swarm.coordinator         | ✅ Architecture is sane.
2026-03-21 22:19:31 | INFO    | swarm.agents              | [MidLevelManager] Orchestrating research loop with Contextual Packets...
2026-03-21 22:19:31 | INFO    | swarm.agents              | [MidLevelManager] Step 1: Brain (Strategy Update - Iteration 1)
2026-03-21 22:19:31 | INFO    | swarm.agents              | [MidLevelManager] Step 1a: Context Optimizer (Pruning State...)
2026-03-21 22:19:33 | INFO    | LiteLLM                   | 
LiteLLM completion() model= qwen2.5-coder:7b; provider = ollama
2026-03-21 22:19:40 | INFO    | swarm.events              | EVENT #0001 | author=ContextOptimizer     | final=True | preview=```json {   "current_axis": "Memory & Context Stability under Distraction",   "historical_narrative": "The team is curre
2026-03-21 22:19:40 | INFO    | swarm.agents              | [MidLevelManager] State pruned. Injecting distilled JSON into Brain.
2026-03-21 22:19:40 | INFO    | swarm.agents              | [TheBrain] Analyzing results via shared documents...
2026-03-21 22:19:40 | INFO    | LiteLLM                   | 
LiteLLM completion() model= qwen3.5:9b; provider = ollama
2026-03-21 22:22:37 | INFO    | swarm.events              | EVENT #0002 | author=TheBrain             | final=True | preview=TARGET_NODE: benchmark_metacognition  ```python import random import copy from typing import Dict, Any, Optional, List i
2026-03-21 22:22:37 | INFO    | swarm.agents              | [MidLevelManager] Strategy category: 'unknown' (allowed)
2026-03-21 22:22:37 | INFO    | swarm.agents              | [MidLevelManager] Fibonacci Milestone reached (Iter 1). Archiving Era...
2026-03-21 22:22:37 | INFO    | swarm.agents              | [MidLevelManager] Surgery Target identified: benchmark_metacognition
2026-03-21 22:22:37 | INFO    | swarm.agents              | [MidLevelManager] Step 2: Hands (Implementation - Attempt 1)
2026-03-21 22:22:37 | INFO    | swarm.agents              | [TheHands] Beginning code surgery...
2026-03-21 22:22:37 | INFO    | LiteLLM                   | 
LiteLLM completion() model= qwen2.5-coder:7b; provider = ollama
2026-03-21 22:22:50 | INFO    | swarm.events              | EVENT #0003 | author=TheHands             | final=True | preview=```python import kaggle_benchmarks as kbench  def benchmark_metacognition():     # Metacognitive Trap: "The Monty Hall R
2026-03-21 22:22:50 | INFO    | swarm.agents              | [TheHands] Code validation successful.
2026-03-21 22:22:50 | INFO    | swarm.agents              | [MidLevelManager] Step 3: Critic (Review)
2026-03-21 22:22:50 | INFO    | swarm.agents              | [TheCritic] Reviewing surgical patch...
2026-03-21 22:22:50 | INFO    | LiteLLM                   | 
LiteLLM completion() model= qwen3.5:9b; provider = ollama
2026-03-21 22:24:55 | INFO    | swarm.events              | EVENT #0004 | author=TheCritic            | final=True | preview=REJECT  The proposed `benchmark_metacognition` code fails to align with the current project requirements and safety filt
2026-03-21 22:24:55 | WARNING | swarm.agents              | [MidLevelManager] Code REJECTED by Critic. Attempting correction...
2026-03-21 22:24:55 | INFO    | swarm.agents              | [MidLevelManager] Step 2: Hands (Implementation - Attempt 2)
2026-03-21 22:24:55 | INFO    | swarm.agents              | [TheHands] Beginning code surgery...
2026-03-21 22:24:55 | INFO    | LiteLLM                   | 
LiteLLM completion() model= qwen2.5-coder:7b; provider = ollama
2026-03-21 22:25:05 | INFO    | swarm.events              | EVENT #0005 | author=TheHands             | final=True | preview=```python import kaggle_benchmarks as kbench  def benchmark_metacognition(benchmark_instance: CognitiveStabilityBenchmar
2026-03-21 22:25:05 | INFO    | swarm.agents              | [TheHands] Code validation successful.
2026-03-21 22:25:05 | INFO    | swarm.agents              | [MidLevelManager] Step 3: Critic (Review)
2026-03-21 22:25:05 | INFO    | swarm.agents              | [TheCritic] Reviewing surgical patch...
2026-03-21 22:25:06 | INFO    | LiteLLM                   | 
LiteLLM completion() model= qwen3.5:9b; provider = ollama
2026-03-21 22:28:12 | INFO    | swarm.main                | ════════════════════════════════════════════════════════════
2026-03-21 22:28:12 | INFO    | swarm.main                |   🚀 ADK RESEARCH SWARM — SESSION START
2026-03-21 22:28:12 | INFO    | swarm.main                | ════════════════════════════════════════════════════════════
2026-03-21 22:28:12 | INFO    | swarm.main                | Timestamp: 2026-03-21T22:28:12.056412
2026-03-21 22:28:12 | INFO    | swarm.main                | Log file:  /Users/surfiniaburger/Desktop/kaggle-agi-eval-swarm/swarm.log
2026-03-21 22:28:12 | INFO    | swarm.main                | 🧪 Starting Research MCP Server...
2026-03-21 22:28:14 | INFO    | swarm.coordinator         | 📂 Loaded session state: iteration=1, best_gap=0.0
2026-03-21 22:28:14 | INFO    | swarm.main                | ════════════════════════════════════════════════════════════
2026-03-21 22:28:14 | INFO    | swarm.main                |   🤖 SWARM SESSION ACTIVE — ENTERING EVENT LOOP
2026-03-21 22:28:14 | INFO    | swarm.main                | ════════════════════════════════════════════════════════════
2026-03-21 22:28:14 | INFO    | swarm.coordinator         | ════════════════════════════════════════════════════════════
2026-03-21 22:28:14 | INFO    | swarm.coordinator         |   PHASE 1: ENVIRONMENT SETUP
2026-03-21 22:28:14 | INFO    | swarm.coordinator         | ════════════════════════════════════════════════════════════
2026-03-21 22:28:14 | INFO    | swarm.mcp_server          | 🐚 Executing: git checkout -b autoresearch/mar21-2228 in /Users/surfiniaburger/Desktop/kaggle-agi-eval-swarm/research_env
2026-03-21 22:28:14 | INFO    | swarm.coordinator         | ✅ Environment initialized.
2026-03-21 22:28:14 | INFO    | swarm.coordinator         | ════════════════════════════════════════════════════════════
2026-03-21 22:28:14 | INFO    | swarm.coordinator         |   PHASE 2: INITIAL BASECHMARK
2026-03-21 22:28:14 | INFO    | swarm.coordinator         | ════════════════════════════════════════════════════════════
2026-03-21 22:28:14 | INFO    | swarm.mcp_server          | 🐚 Executing: > run.log in /Users/surfiniaburger/Desktop/kaggle-agi-eval-swarm/research_env
2026-03-21 22:28:14 | INFO    | swarm.mcp_server          | 🐚 Executing: git add benchmark.py && git commit -m "autocommit: baseline-reset" in /Users/surfiniaburger/Desktop/kaggle-agi-eval-swarm/research_env
2026-03-21 22:28:14 | INFO    | swarm.mcp_server          | 🐚 Executing: uv run -q benchmark.py > run.log 2>&1 in /Users/surfiniaburger/Desktop/kaggle-agi-eval-swarm/research_env
2026-03-21 22:28:16 | INFO    | swarm.coordinator         | 📊 Baseline: gap=0.0 | status=keep
2026-03-21 22:28:16 | INFO    | swarm.coordinator         | ════════════════════════════════════════════════════════════
2026-03-21 22:28:16 | INFO    | swarm.coordinator         |   PHASE 3: AUTONOMOUS LOOP (max 30 iterations)
2026-03-21 22:28:16 | INFO    | swarm.coordinator         | ════════════════════════════════════════════════════════════
2026-03-21 22:28:16 | INFO    | swarm.coordinator         | ────────────────────────────────────────────────────────────
2026-03-21 22:28:16 | INFO    | swarm.coordinator         |   🔄 ITERATION 1/30
2026-03-21 22:28:16 | INFO    | swarm.coordinator         | ────────────────────────────────────────────────────────────
2026-03-21 22:28:16 | INFO    | swarm.coordinator         | 🛡️ Running Embedded BDD Sanity Checks...
2026-03-21 22:28:16 | INFO    | swarm.coordinator         | ✅ Architecture is sane.
2026-03-21 22:28:16 | INFO    | swarm.agents              | [MidLevelManager] Orchestrating research loop with Contextual Packets...
2026-03-21 22:28:16 | INFO    | swarm.agents              | [MidLevelManager] Step 1: Brain (Strategy Update - Iteration 1)
2026-03-21 22:28:16 | INFO    | swarm.agents              | [MidLevelManager] Step 1a: Context Optimizer (Pruning State...)
2026-03-21 22:28:19 | INFO    | LiteLLM                   | 
LiteLLM completion() model= qwen2.5-coder:7b; provider = ollama
2026-03-21 22:28:26 | INFO    | swarm.events              | EVENT #0001 | author=ContextOptimizer     | final=True | preview=```json {   "current_axis": "Memory & Context Stability under Distraction",   "historical_narrative": "The team has been
2026-03-21 22:28:26 | INFO    | swarm.agents              | [MidLevelManager] State pruned. Injecting distilled JSON into Brain.
2026-03-21 22:28:26 | INFO    | swarm.agents              | [TheBrain] Analyzing results via shared documents...
2026-03-21 22:28:26 | INFO    | LiteLLM                   | 
LiteLLM completion() model= qwen3.5:9b; provider = ollama
2026-03-21 22:32:12 | INFO    | swarm.events              | EVENT #0002 | author=TheBrain             | final=True | preview=(no text)
2026-03-21 22:32:12 | INFO    | swarm.agents              | [MidLevelManager] Step 2: Hands (Implementation - Attempt 1)
2026-03-21 22:32:12 | INFO    | swarm.agents              | [TheHands] Beginning code surgery...
2026-03-21 22:32:12 | ERROR   | swarm.coordinator         | 💥 Iteration 1 failed: 'Context variable not found: `target_snippet`.'
2026-03-21 22:32:12 | INFO    | swarm.coordinator         | ↩️ Continuing to next iteration...
2026-03-21 22:32:14 | INFO    | swarm.coordinator         | ────────────────────────────────────────────────────────────
2026-03-21 22:32:14 | INFO    | swarm.coordinator         |   🔄 ITERATION 2/30
2026-03-21 22:32:14 | INFO    | swarm.coordinator         | ────────────────────────────────────────────────────────────
2026-03-21 22:32:14 | INFO    | swarm.coordinator         | 🛡️ Running Embedded BDD Sanity Checks...
2026-03-21 22:32:14 | INFO    | swarm.coordinator         | ✅ Architecture is sane.
2026-03-21 22:32:14 | INFO    | swarm.agents              | [MidLevelManager] Orchestrating research loop with Contextual Packets...
2026-03-21 22:32:14 | INFO    | swarm.agents              | [MidLevelManager] Step 1: Brain (Strategy Update - Iteration 2)
2026-03-21 22:32:14 | INFO    | swarm.agents              | [MidLevelManager] Step 1a: Context Optimizer (Pruning State...)
2026-03-21 22:32:14 | INFO    | LiteLLM                   | 
LiteLLM completion() model= qwen2.5-coder:7b; provider = ollama
2026-03-21 22:32:20 | INFO    | swarm.events              | EVENT #0003 | author=ContextOptimizer     | final=True | preview=```json {   "current_axis": "Memory & Context Stability under Distraction",   "historical_narrative": "The team has been
2026-03-21 22:32:20 | INFO    | swarm.agents              | [MidLevelManager] State pruned. Injecting distilled JSON into Brain.
2026-03-21 22:32:20 | INFO    | swarm.agents              | [TheBrain] Analyzing results via shared documents...
2026-03-21 22:32:20 | INFO    | LiteLLM                   | 
LiteLLM completion() model= qwen3.5:9b; provider = ollama
2026-03-21 22:34:26 | INFO    | swarm.events              | EVENT #0004 | author=TheBrain             | final=True | preview=TARGET_NODE: benchmark_metacognition  ```python import random import json import numpy as np from typing import Dict, Li
2026-03-21 22:34:26 | INFO    | swarm.agents              | [MidLevelManager] Strategy category: 'error_monitoring' (allowed)
2026-03-21 22:34:26 | INFO    | swarm.agents              | [MidLevelManager] Fibonacci Milestone reached (Iter 2). Archiving Era...
2026-03-21 22:34:26 | INFO    | swarm.agents              | [MidLevelManager] Surgery Target identified: benchmark_metacognition
2026-03-21 22:34:26 | INFO    | swarm.agents              | [MidLevelManager] Step 2: Hands (Implementation - Attempt 1)
2026-03-21 22:34:26 | INFO    | swarm.agents              | [TheHands] Beginning code surgery...
2026-03-21 22:34:26 | INFO    | LiteLLM                   | 
LiteLLM completion() model= qwen2.5-coder:7b; provider = ollama
2026-03-21 22:34:59 | INFO    | swarm.events              | EVENT #0005 | author=TheHands             | final=True | preview=```python import random import json import numpy as np from typing import Dict, List, Any, Optional  class CognitiveStab
2026-03-21 22:34:59 | INFO    | swarm.agents              | [TheHands] Code validation successful.
2026-03-21 22:34:59 | INFO    | swarm.agents              | [MidLevelManager] Step 3: Critic (Review)
2026-03-21 22:34:59 | INFO    | swarm.agents              | [TheCritic] Reviewing surgical patch...
2026-03-21 22:34:59 | INFO    | LiteLLM                   | 
LiteLLM completion() model= qwen3.5:9b; provider = ollama
2026-03-21 22:37:02 | INFO    | swarm.events              | EVENT #0006 | author=TheCritic            | final=True | preview=This is a well-structured simulation framework for benchmarking LLM cognitive stability. It effectively separates the **
2026-03-21 22:37:02 | INFO    | swarm.agents              | [MidLevelManager] Code APPROVED by Critic.
2026-03-21 22:37:02 | INFO    | swarm.coordinator         | [DEBUG] Target Node: benchmark_metacognition
2026-03-21 22:37:02 | INFO    | swarm.coordinator         | [DEBUG] Benchmark Path '/Users/surfiniaburger/Desktop/kaggle-agi-eval-swarm/research_env/benchmark.py' Exists? True
2026-03-21 22:37:02 | INFO    | swarm.coordinator         | [DEBUG] Validated Code Length: 5312
2026-03-21 22:37:02 | INFO    | swarm.coordinator         | 🔨 Applying validated syntax patch to benchmark_metacognition via AST...
2026-03-21 22:37:02 | INFO    | swarm.coordinator         | 🚀 Running live benchmark execution...
2026-03-21 22:37:02 | INFO    | swarm.mcp_server          | 🐚 Executing: git add benchmark.py && git commit -m "autocommit: Iteration 2 Patch by TheHands" in /Users/surfiniaburger/Desktop/kaggle-agi-eval-swarm/research_env
2026-03-21 22:37:02 | INFO    | swarm.mcp_server          | 🐚 Executing: uv run -q benchmark.py > run.log 2>&1 in /Users/surfiniaburger/Desktop/kaggle-agi-eval-swarm/research_env
2026-03-21 22:37:04 | INFO    | swarm.coordinator         | 📊 Live Benchmark Result -> 0.0
2026-03-21 22:37:05 | INFO    | swarm.coordinator         | ────────────────────────────────────────────────────────────
2026-03-21 22:37:05 | INFO    | swarm.coordinator         |   🔄 ITERATION 3/30
2026-03-21 22:37:05 | INFO    | swarm.coordinator         | ────────────────────────────────────────────────────────────
2026-03-21 22:37:05 | INFO    | swarm.coordinator         | 🛡️ Running Embedded BDD Sanity Checks...
2026-03-21 22:37:05 | INFO    | swarm.coordinator         | ✅ Architecture is sane.
2026-03-21 22:37:05 | INFO    | swarm.agents              | [MidLevelManager] Orchestrating research loop with Contextual Packets...
2026-03-21 22:37:05 | INFO    | swarm.agents              | [MidLevelManager] Step 1: Brain (Strategy Update - Iteration 3)
2026-03-21 22:37:05 | INFO    | swarm.agents              | [MidLevelManager] Step 1a: Context Optimizer (Pruning State...)
2026-03-21 22:37:05 | INFO    | LiteLLM                   | 
LiteLLM completion() model= qwen2.5-coder:7b; provider = ollama
2026-03-21 22:37:22 | INFO    | swarm.events              | EVENT #0007 | author=ContextOptimizer     | final=True | preview=```json {   "current_axis": "Memory & Context Stability under Distraction",   "historical_narrative": "The team has been
2026-03-21 22:37:22 | INFO    | swarm.agents              | [MidLevelManager] State pruned. Injecting distilled JSON into Brain.
2026-03-21 22:37:22 | INFO    | swarm.agents              | [TheBrain] Analyzing results via shared documents...
2026-03-21 22:37:22 | INFO    | LiteLLM                   | 
LiteLLM completion() model= qwen3.5:9b; provider = ollama
2026-03-21 22:39:37 | INFO    | swarm.main                | ════════════════════════════════════════════════════════════
2026-03-21 22:39:37 | INFO    | swarm.main                |   🚀 ADK RESEARCH SWARM — SESSION START
2026-03-21 22:39:37 | INFO    | swarm.main                | ════════════════════════════════════════════════════════════
2026-03-21 22:39:37 | INFO    | swarm.main                | Timestamp: 2026-03-21T22:39:37.640961
2026-03-21 22:39:37 | INFO    | swarm.main                | Log file:  /Users/surfiniaburger/Desktop/kaggle-agi-eval-swarm/swarm.log
2026-03-21 22:39:37 | INFO    | swarm.main                | 🔑 Loaded .env credentials.
2026-03-21 22:39:37 | INFO    | swarm.main                | 🧪 Starting Research MCP Server...
2026-03-21 22:39:39 | INFO    | swarm.coordinator         | 📂 Loaded session state: iteration=3, best_gap=0.0
2026-03-21 22:39:39 | INFO    | swarm.main                | ════════════════════════════════════════════════════════════
2026-03-21 22:39:39 | INFO    | swarm.main                |   🤖 SWARM SESSION ACTIVE — ENTERING EVENT LOOP
2026-03-21 22:39:39 | INFO    | swarm.main                | ════════════════════════════════════════════════════════════
2026-03-21 22:39:39 | INFO    | swarm.coordinator         | ════════════════════════════════════════════════════════════
2026-03-21 22:39:39 | INFO    | swarm.coordinator         |   PHASE 1: ENVIRONMENT SETUP
2026-03-21 22:39:39 | INFO    | swarm.coordinator         | ════════════════════════════════════════════════════════════
2026-03-21 22:39:39 | INFO    | swarm.mcp_server          | 🐚 Executing: git checkout -b autoresearch/mar21-2239 in /Users/surfiniaburger/Desktop/kaggle-agi-eval-swarm/research_env
2026-03-21 22:39:39 | INFO    | swarm.coordinator         | ✅ Environment initialized.
2026-03-21 22:39:39 | INFO    | swarm.coordinator         | ════════════════════════════════════════════════════════════
2026-03-21 22:39:39 | INFO    | swarm.coordinator         |   PHASE 2: INITIAL BASECHMARK
2026-03-21 22:39:39 | INFO    | swarm.coordinator         | ════════════════════════════════════════════════════════════
2026-03-21 22:39:39 | INFO    | swarm.mcp_server          | 🐚 Executing: > run.log in /Users/surfiniaburger/Desktop/kaggle-agi-eval-swarm/research_env
2026-03-21 22:39:39 | INFO    | swarm.mcp_server          | 🐚 Executing: git add benchmark.py && git commit -m "autocommit: baseline-reset" in /Users/surfiniaburger/Desktop/kaggle-agi-eval-swarm/research_env
2026-03-21 22:39:39 | INFO    | swarm.mcp_server          | 🐚 Executing: uv run -q benchmark.py > run.log 2>&1 in /Users/surfiniaburger/Desktop/kaggle-agi-eval-swarm/research_env
2026-03-21 22:39:41 | ERROR   | swarm.coordinator         | ❌ Baseline execution FAILED. Check run.log.
2026-03-21 22:39:41 | INFO    | swarm.coordinator         | ════════════════════════════════════════════════════════════
2026-03-21 22:39:41 | INFO    | swarm.coordinator         |   PHASE 3: AUTONOMOUS LOOP (max 30 iterations)
2026-03-21 22:39:41 | INFO    | swarm.coordinator         | ════════════════════════════════════════════════════════════
2026-03-21 22:39:41 | INFO    | swarm.coordinator         | ────────────────────────────────────────────────────────────
2026-03-21 22:39:41 | INFO    | swarm.coordinator         |   🔄 ITERATION 3/30
2026-03-21 22:39:41 | INFO    | swarm.coordinator         | ────────────────────────────────────────────────────────────
2026-03-21 22:39:41 | INFO    | swarm.coordinator         | 🛡️ Running Embedded BDD Sanity Checks...
2026-03-21 22:39:42 | INFO    | swarm.coordinator         | ✅ Architecture is sane.
2026-03-21 22:39:42 | INFO    | swarm.agents              | [MidLevelManager] Orchestrating research loop with Contextual Packets...
2026-03-21 22:39:42 | INFO    | swarm.agents              | [MidLevelManager] Step 1: Brain (Strategy Update - Iteration 3)
2026-03-21 22:39:42 | INFO    | swarm.agents              | [MidLevelManager] Step 1a: Context Optimizer (Pruning State...)
2026-03-21 22:39:43 | INFO    | LiteLLM                   | 
LiteLLM completion() model= qwen2.5-coder:7b; provider = ollama
2026-03-21 22:39:52 | INFO    | swarm.events              | EVENT #0001 | author=ContextOptimizer     | final=True | preview=```json {   "current_axis": "Memory & Context Stability under Distraction",   "historical_narrative": "The research chro
2026-03-21 22:39:52 | INFO    | swarm.agents              | [MidLevelManager] State pruned. Injecting distilled JSON into Brain.
2026-03-21 22:39:52 | INFO    | swarm.agents              | [TheBrain] Analyzing results via shared documents...
2026-03-21 22:39:53 | INFO    | LiteLLM                   | 
LiteLLM completion() model= gemini-3-flash-preview:cloud; provider = ollama
2026-03-21 22:40:08 | INFO    | swarm.events              | EVENT #0002 | author=TheBrain             | final=True | preview=TARGET_NODE: benchmark_metacognition  ```python def benchmark_metacognition(self, logic_depth: int = 3, distraction_entr
2026-03-21 22:40:08 | INFO    | swarm.agents              | [MidLevelManager] Strategy category: 'confidence_calibration' (allowed)
2026-03-21 22:40:08 | INFO    | swarm.agents              | [MidLevelManager] Fibonacci Milestone reached (Iter 3). Archiving Era...
2026-03-21 22:40:08 | INFO    | swarm.agents              | [MidLevelManager] Surgery Target identified: benchmark_metacognition
2026-03-21 22:40:08 | INFO    | swarm.agents              | [MidLevelManager] Step 2: Hands (Implementation - Attempt 1)
2026-03-21 22:40:08 | INFO    | swarm.agents              | [TheHands] Beginning code surgery...
2026-03-21 22:40:08 | INFO    | LiteLLM                   | 
LiteLLM completion() model= qwen2.5-coder:7b; provider = ollama
2026-03-21 22:40:33 | INFO    | swarm.events              | EVENT #0003 | author=TheHands             | final=True | preview=```python @kbench.task() def benchmark_metacognition(self, logic_depth: int = 3, distraction_entropy: float = 0.7) -> Di
2026-03-21 22:40:33 | INFO    | swarm.agents              | [TheHands] Code validation successful.
2026-03-21 22:40:33 | INFO    | swarm.agents              | [MidLevelManager] Step 3: Critic (Review)
2026-03-21 22:40:33 | INFO    | swarm.agents              | [TheCritic] Reviewing surgical patch...
2026-03-21 22:40:34 | INFO    | LiteLLM                   | 
LiteLLM completion() model= gemini-3-flash-preview:cloud; provider = ollama
2026-03-21 22:40:38 | INFO    | swarm.main                | ════════════════════════════════════════════════════════════
2026-03-21 22:40:38 | INFO    | swarm.main                |   🚀 ADK RESEARCH SWARM — SESSION START
2026-03-21 22:40:38 | INFO    | swarm.main                | ════════════════════════════════════════════════════════════
2026-03-21 22:40:38 | INFO    | swarm.main                | Timestamp: 2026-03-21T22:40:38.374893
2026-03-21 22:40:38 | INFO    | swarm.main                | Log file:  /Users/surfiniaburger/Desktop/kaggle-agi-eval-swarm/swarm.log
2026-03-21 22:40:38 | INFO    | swarm.main                | 🔑 Loaded .env credentials.
2026-03-21 22:40:38 | INFO    | swarm.main                | 🧪 Starting Research MCP Server...
2026-03-21 22:40:40 | INFO    | swarm.main                | ════════════════════════════════════════════════════════════
2026-03-21 22:40:40 | INFO    | swarm.main                |   🤖 SWARM SESSION ACTIVE — ENTERING EVENT LOOP
2026-03-21 22:40:40 | INFO    | swarm.main                | ════════════════════════════════════════════════════════════
2026-03-21 22:40:40 | INFO    | swarm.coordinator         | ════════════════════════════════════════════════════════════
2026-03-21 22:40:40 | INFO    | swarm.coordinator         |   PHASE 1: ENVIRONMENT SETUP
2026-03-21 22:40:40 | INFO    | swarm.coordinator         | ════════════════════════════════════════════════════════════
2026-03-21 22:40:40 | INFO    | swarm.mcp_server          | 🐚 Executing: git checkout -b autoresearch/mar21-2240 in /Users/surfiniaburger/Desktop/kaggle-agi-eval-swarm/research_env
2026-03-21 22:40:40 | INFO    | swarm.coordinator         | ✅ Environment initialized.
2026-03-21 22:40:40 | INFO    | swarm.coordinator         | ════════════════════════════════════════════════════════════
2026-03-21 22:40:40 | INFO    | swarm.coordinator         |   PHASE 2: INITIAL BASECHMARK
2026-03-21 22:40:40 | INFO    | swarm.coordinator         | ════════════════════════════════════════════════════════════
2026-03-21 22:40:40 | INFO    | swarm.mcp_server          | 🐚 Executing: > run.log in /Users/surfiniaburger/Desktop/kaggle-agi-eval-swarm/research_env
2026-03-21 22:40:40 | INFO    | swarm.mcp_server          | 🐚 Executing: git add benchmark.py && git commit -m "autocommit: baseline-reset" in /Users/surfiniaburger/Desktop/kaggle-agi-eval-swarm/research_env
2026-03-21 22:40:40 | INFO    | swarm.mcp_server          | 🐚 Executing: uv run -q benchmark.py > run.log 2>&1 in /Users/surfiniaburger/Desktop/kaggle-agi-eval-swarm/research_env
2026-03-21 22:40:42 | INFO    | swarm.coordinator         | 📊 Baseline: gap=0.0 | status=keep
2026-03-21 22:40:42 | INFO    | swarm.coordinator         | ════════════════════════════════════════════════════════════
2026-03-21 22:40:42 | INFO    | swarm.coordinator         |   PHASE 3: AUTONOMOUS LOOP (max 30 iterations)
2026-03-21 22:40:42 | INFO    | swarm.coordinator         | ════════════════════════════════════════════════════════════
2026-03-21 22:40:42 | INFO    | swarm.coordinator         | ────────────────────────────────────────────────────────────
2026-03-21 22:40:42 | INFO    | swarm.coordinator         |   🔄 ITERATION 1/30
2026-03-21 22:40:42 | INFO    | swarm.coordinator         | ────────────────────────────────────────────────────────────
2026-03-21 22:40:42 | INFO    | swarm.coordinator         | 🛡️ Running Embedded BDD Sanity Checks...
2026-03-21 22:40:42 | INFO    | swarm.coordinator         | ✅ Architecture is sane.
2026-03-21 22:40:42 | INFO    | swarm.agents              | [MidLevelManager] Orchestrating research loop with Contextual Packets...
2026-03-21 22:40:42 | INFO    | swarm.agents              | [MidLevelManager] Step 1: Brain (Strategy Update - Iteration 1)
2026-03-21 22:40:42 | INFO    | swarm.agents              | [MidLevelManager] Step 1a: Context Optimizer (Pruning State...)
2026-03-21 22:40:44 | INFO    | LiteLLM                   | 
LiteLLM completion() model= qwen2.5-coder:7b; provider = ollama
2026-03-21 22:40:50 | INFO    | swarm.events              | EVENT #0001 | author=ContextOptimizer     | final=True | preview=```json {   "current_axis": "Memory & Context Stability under Distraction",   "historical_narrative": "The research chro
2026-03-21 22:40:50 | INFO    | swarm.agents              | [MidLevelManager] State pruned. Injecting distilled JSON into Brain.
2026-03-21 22:40:50 | INFO    | swarm.agents              | [TheBrain] Analyzing results via shared documents...
2026-03-21 22:40:50 | INFO    | LiteLLM                   | 
LiteLLM completion() model= gemini-3-flash-preview:cloud; provider = ollama
2026-03-21 22:41:00 | INFO    | swarm.events              | EVENT #0002 | author=TheBrain             | final=True | preview=TARGET_NODE: benchmark_metacognition  ```python def benchmark_metacognition(model_input: str = None) -> dict:     """   
2026-03-21 22:41:00 | INFO    | swarm.agents              | [MidLevelManager] Strategy category: 'confidence_calibration' (allowed)
2026-03-21 22:41:00 | INFO    | swarm.agents              | [MidLevelManager] Fibonacci Milestone reached (Iter 1). Archiving Era...
2026-03-21 22:41:00 | INFO    | swarm.agents              | [MidLevelManager] Surgery Target identified: benchmark_metacognition
2026-03-21 22:41:00 | INFO    | swarm.agents              | [MidLevelManager] Step 2: Hands (Implementation - Attempt 1)
2026-03-21 22:41:00 | INFO    | swarm.agents              | [TheHands] Beginning code surgery...
2026-03-21 22:41:00 | INFO    | LiteLLM                   | 
LiteLLM completion() model= qwen2.5-coder:7b; provider = ollama
2026-03-21 22:41:18 | INFO    | swarm.events              | EVENT #0003 | author=TheHands             | final=True | preview=```python @kbench.task(name="benchmark_metacognition") def benchmark_metacognition(model_input: str = None) -> float:   
2026-03-21 22:41:18 | INFO    | swarm.agents              | [TheHands] Code validation successful.
2026-03-21 22:41:18 | INFO    | swarm.agents              | [MidLevelManager] Step 3: Critic (Review)
2026-03-21 22:41:18 | INFO    | swarm.agents              | [TheCritic] Reviewing surgical patch...
2026-03-21 22:41:18 | INFO    | LiteLLM                   | 
LiteLLM completion() model= gemini-3-flash-preview:cloud; provider = ollama
2026-03-21 22:41:24 | INFO    | swarm.events              | EVENT #0004 | author=TheCritic            | final=True | preview=REJECT  The proposed code fails several critical requirements established in the STRATEGY and the Senior Cognitive Evalu
2026-03-21 22:41:24 | WARNING | swarm.agents              | [MidLevelManager] Code REJECTED by Critic. Attempting correction...
2026-03-21 22:41:24 | INFO    | swarm.agents              | [MidLevelManager] Step 2: Hands (Implementation - Attempt 2)
2026-03-21 22:41:24 | INFO    | swarm.agents              | [TheHands] Beginning code surgery...
2026-03-21 22:41:24 | INFO    | LiteLLM                   | 
LiteLLM completion() model= qwen2.5-coder:7b; provider = ollama
2026-03-21 22:41:43 | INFO    | swarm.events              | EVENT #0005 | author=TheHands             | final=True | preview=```python @kbench.task(name="benchmark_metacognition") def benchmark_metacognition(model_input: str = None) -> dict:    
2026-03-21 22:41:43 | INFO    | swarm.agents              | [TheHands] Code validation successful.
2026-03-21 22:41:43 | INFO    | swarm.agents              | [MidLevelManager] Step 3: Critic (Review)
2026-03-21 22:41:43 | INFO    | swarm.agents              | [TheCritic] Reviewing surgical patch...
2026-03-21 22:41:44 | INFO    | LiteLLM                   | 
LiteLLM completion() model= gemini-3-flash-preview:cloud; provider = ollama
2026-03-21 22:41:55 | INFO    | swarm.events              | EVENT #0006 | author=TheCritic            | final=True | preview=REJECT  The proposed code fails to adhere to the strict logical and mathematical requirements defined in the **STRATEGY*
2026-03-21 22:41:55 | WARNING | swarm.agents              | [MidLevelManager] Code REJECTED by Critic. Attempting correction...
2026-03-21 22:41:55 | INFO    | swarm.agents              | [MidLevelManager] Step 2: Hands (Implementation - Attempt 3)
2026-03-21 22:41:55 | INFO    | swarm.agents              | [TheHands] Beginning code surgery...
2026-03-21 22:41:55 | INFO    | LiteLLM                   | 
LiteLLM completion() model= qwen2.5-coder:7b; provider = ollama
2026-03-21 22:42:15 | INFO    | swarm.events              | EVENT #0007 | author=TheHands             | final=True | preview=```python @kbench.task(name="benchmark_metacognition") def benchmark_metacognition(model_input: str = None) -> dict:    
2026-03-21 22:42:15 | INFO    | swarm.agents              | [TheHands] Code validation successful.
2026-03-21 22:42:15 | INFO    | swarm.agents              | [MidLevelManager] Step 3: Critic (Review)
2026-03-21 22:42:15 | INFO    | swarm.agents              | [TheCritic] Reviewing surgical patch...
2026-03-21 22:42:15 | INFO    | LiteLLM                   | 
LiteLLM completion() model= gemini-3-flash-preview:cloud; provider = ollama
2026-03-21 22:42:26 | INFO    | swarm.events              | EVENT #0008 | author=TheCritic            | final=True | preview=REJECT  The proposed code still fails the mathematical logic required by the **STRATEGY** regarding the Brier Score calc
2026-03-21 22:42:26 | WARNING | swarm.agents              | [MidLevelManager] Code REJECTED by Critic. Attempting correction...
2026-03-21 22:42:26 | INFO    | swarm.coordinator         | [DEBUG] Target Node: benchmark_metacognition
2026-03-21 22:42:26 | INFO    | swarm.coordinator         | [DEBUG] Benchmark Path '/Users/surfiniaburger/Desktop/kaggle-agi-eval-swarm/research_env/benchmark.py' Exists? True
2026-03-21 22:42:26 | INFO    | swarm.coordinator         | [DEBUG] Validated Code Length: 0
2026-03-21 22:42:27 | INFO    | swarm.coordinator         | ────────────────────────────────────────────────────────────
2026-03-21 22:42:27 | INFO    | swarm.coordinator         |   🔄 ITERATION 2/30
2026-03-21 22:42:27 | INFO    | swarm.coordinator         | ────────────────────────────────────────────────────────────
2026-03-21 22:42:27 | INFO    | swarm.coordinator         | 🛡️ Running Embedded BDD Sanity Checks...
2026-03-21 22:42:28 | INFO    | swarm.coordinator         | ✅ Architecture is sane.
2026-03-21 22:42:28 | INFO    | swarm.agents              | [MidLevelManager] Orchestrating research loop with Contextual Packets...
2026-03-21 22:42:28 | INFO    | swarm.agents              | [MidLevelManager] Step 1: Brain (Strategy Update - Iteration 2)
2026-03-21 22:42:28 | INFO    | swarm.agents              | [MidLevelManager] Step 1a: Context Optimizer (Pruning State...)
2026-03-21 22:42:28 | INFO    | LiteLLM                   | 
LiteLLM completion() model= qwen2.5-coder:7b; provider = ollama
2026-03-21 22:42:53 | INFO    | swarm.events              | EVENT #0009 | author=ContextOptimizer     | final=True | preview=```python @kbench.task(name="benchmark_metacognition") def benchmark_metacognition(model_input: str = None) -> dict:    
2026-03-21 22:42:53 | INFO    | swarm.agents              | [MidLevelManager] State pruned. Injecting distilled JSON into Brain.
2026-03-21 22:42:53 | INFO    | swarm.agents              | [TheBrain] Analyzing results via shared documents...
2026-03-21 22:42:56 | INFO    | LiteLLM                   | 
LiteLLM completion() model= gemini-3-flash-preview:cloud; provider = ollama
2026-03-21 22:43:15 | INFO    | swarm.events              | EVENT #0010 | author=TheBrain             | final=True | preview=TARGET_NODE: benchmark_metacognition  ```python def benchmark_metacognition(model_input: str = None) -> dict:     """   
2026-03-21 22:43:15 | INFO    | swarm.agents              | [MidLevelManager] Strategy category: 'confidence_calibration' (allowed)
2026-03-21 22:43:15 | INFO    | swarm.agents              | [MidLevelManager] Fibonacci Milestone reached (Iter 2). Archiving Era...
2026-03-21 22:43:15 | INFO    | swarm.agents              | [MidLevelManager] Surgery Target identified: benchmark_metacognition
2026-03-21 22:43:15 | INFO    | swarm.agents              | [MidLevelManager] Step 2: Hands (Implementation - Attempt 1)
2026-03-21 22:43:15 | INFO    | swarm.agents              | [TheHands] Beginning code surgery...
2026-03-21 22:43:15 | INFO    | LiteLLM                   | 
LiteLLM completion() model= qwen2.5-coder:7b; provider = ollama
2026-03-21 22:43:47 | INFO    | swarm.main                | ════════════════════════════════════════════════════════════
2026-03-21 22:43:47 | INFO    | swarm.main                |   🚀 ADK RESEARCH SWARM — SESSION START
2026-03-21 22:43:47 | INFO    | swarm.main                | ════════════════════════════════════════════════════════════
2026-03-21 22:43:47 | INFO    | swarm.main                | Timestamp: 2026-03-21T22:43:47.456742
2026-03-21 22:43:47 | INFO    | swarm.main                | Log file:  /Users/surfiniaburger/Desktop/kaggle-agi-eval-swarm/swarm.log
2026-03-21 22:43:47 | INFO    | swarm.main                | 🔑 Loaded .env credentials.
2026-03-21 22:43:47 | INFO    | swarm.main                | 🧪 Starting Research MCP Server...
2026-03-21 22:43:49 | INFO    | swarm.main                | ════════════════════════════════════════════════════════════
2026-03-21 22:43:49 | INFO    | swarm.main                |   🤖 SWARM SESSION ACTIVE — ENTERING EVENT LOOP
2026-03-21 22:43:49 | INFO    | swarm.main                | ════════════════════════════════════════════════════════════
2026-03-21 22:43:49 | INFO    | swarm.coordinator         | ════════════════════════════════════════════════════════════
2026-03-21 22:43:49 | INFO    | swarm.coordinator         |   PHASE 1: ENVIRONMENT SETUP
2026-03-21 22:43:49 | INFO    | swarm.coordinator         | ════════════════════════════════════════════════════════════
2026-03-21 22:43:49 | INFO    | swarm.mcp_server          | 🐚 Executing: git checkout -b autoresearch/mar21-2243 in /Users/surfiniaburger/Desktop/kaggle-agi-eval-swarm/research_env
2026-03-21 22:43:49 | INFO    | swarm.coordinator         | ✅ Environment initialized.
2026-03-21 22:43:49 | INFO    | swarm.coordinator         | ════════════════════════════════════════════════════════════
2026-03-21 22:43:49 | INFO    | swarm.coordinator         |   PHASE 2: INITIAL BASECHMARK
2026-03-21 22:43:49 | INFO    | swarm.coordinator         | ════════════════════════════════════════════════════════════
2026-03-21 22:43:49 | INFO    | swarm.mcp_server          | 🐚 Executing: > run.log in /Users/surfiniaburger/Desktop/kaggle-agi-eval-swarm/research_env
2026-03-21 22:43:49 | INFO    | swarm.mcp_server          | 🐚 Executing: git add benchmark.py && git commit -m "autocommit: baseline-reset" in /Users/surfiniaburger/Desktop/kaggle-agi-eval-swarm/research_env
2026-03-21 22:43:49 | INFO    | swarm.mcp_server          | 🐚 Executing: uv run -q benchmark.py > run.log 2>&1 in /Users/surfiniaburger/Desktop/kaggle-agi-eval-swarm/research_env
2026-03-21 22:43:51 | INFO    | swarm.coordinator         | 📊 Baseline: gap=0.0 | status=keep
2026-03-21 22:43:51 | INFO    | swarm.coordinator         | ════════════════════════════════════════════════════════════
2026-03-21 22:43:51 | INFO    | swarm.coordinator         |   PHASE 3: AUTONOMOUS LOOP (max 30 iterations)
2026-03-21 22:43:51 | INFO    | swarm.coordinator         | ════════════════════════════════════════════════════════════
2026-03-21 22:43:51 | INFO    | swarm.coordinator         | ────────────────────────────────────────────────────────────
2026-03-21 22:43:51 | INFO    | swarm.coordinator         |   🔄 ITERATION 1/30
2026-03-21 22:43:51 | INFO    | swarm.coordinator         | ────────────────────────────────────────────────────────────
2026-03-21 22:43:51 | INFO    | swarm.coordinator         | 🛡️ Running Embedded BDD Sanity Checks...
2026-03-21 22:43:51 | INFO    | swarm.coordinator         | ✅ Architecture is sane.
2026-03-21 22:43:51 | INFO    | swarm.agents              | [MidLevelManager] Orchestrating research loop with Contextual Packets...
2026-03-21 22:43:51 | INFO    | swarm.agents              | [MidLevelManager] Stagnation or Size Limit detected. Performing Context Annealing...
2026-03-21 22:43:51 | INFO    | swarm.agents              | [MidLevelManager] Step 1: Brain (Strategy Update - Iteration 1)
2026-03-21 22:43:51 | INFO    | swarm.agents              | [MidLevelManager] Step 1a: Context Optimizer (Pruning State...)
2026-03-21 22:43:53 | INFO    | LiteLLM                   | 
LiteLLM completion() model= qwen2.5-coder:7b; provider = ollama
2026-03-21 22:44:00 | INFO    | swarm.events              | EVENT #0001 | author=ContextOptimizer     | final=True | preview=```json {   "current_axis": "Confidence Calibration",   "historical_narrative": "The team has been focused on enhancing 
2026-03-21 22:44:00 | INFO    | swarm.agents              | [MidLevelManager] State pruned. Injecting distilled JSON into Brain.
2026-03-21 22:44:00 | INFO    | swarm.agents              | [TheBrain] Analyzing results via shared documents...
2026-03-21 22:44:01 | INFO    | LiteLLM                   | 
LiteLLM completion() model= gemini-3-flash-preview:cloud; provider = ollama
2026-03-21 22:44:11 | INFO    | swarm.events              | EVENT #0002 | author=TheBrain             | final=True | preview=**TARGET_NODE**: benchmark_metacognition  **STRATEGY**: We will implement **Epistemic Friction Monitoring** through a **
2026-03-21 22:44:11 | INFO    | swarm.agents              | [MidLevelManager] Strategy category: 'confidence_calibration' (allowed)
2026-03-21 22:44:11 | INFO    | swarm.agents              | [MidLevelManager] Fibonacci Milestone reached (Iter 1). Archiving Era...
2026-03-21 22:44:11 | INFO    | swarm.agents              | [MidLevelManager] Step 2: Hands (Implementation - Attempt 1)
2026-03-21 22:44:11 | INFO    | swarm.agents              | [TheHands] Beginning code surgery...
2026-03-21 22:44:11 | INFO    | LiteLLM                   | 
LiteLLM completion() model= qwen2.5-coder:7b; provider = ollama
2026-03-21 22:44:23 | INFO    | swarm.events              | EVENT #0003 | author=TheHands             | final=True | preview=```python @kbench.task() def benchmark_metacognition():     import json          # Define a prompt that establishes a cy
2026-03-21 22:44:23 | INFO    | swarm.agents              | [TheHands] Code validation successful.
2026-03-21 22:44:23 | INFO    | swarm.agents              | [MidLevelManager] Step 3: Critic (Review)
2026-03-21 22:44:23 | INFO    | swarm.agents              | [TheCritic] Reviewing surgical patch...
2026-03-21 22:44:24 | INFO    | LiteLLM                   | 
LiteLLM completion() model= gemini-3-flash-preview:cloud; provider = ollama
2026-03-21 22:44:31 | INFO    | swarm.events              | EVENT #0004 | author=TheCritic            | final=True | preview=REJECT  The proposed code fails the **ASSERTION FILTER** for the following reasons:  1.  **Lack of Strict Assertions:** 
2026-03-21 22:44:31 | WARNING | swarm.agents              | [MidLevelManager] Code REJECTED by Critic. Attempting correction...
2026-03-21 22:44:31 | INFO    | swarm.agents              | [MidLevelManager] Step 2: Hands (Implementation - Attempt 2)
2026-03-21 22:44:31 | INFO    | swarm.agents              | [TheHands] Beginning code surgery...
2026-03-21 22:44:31 | INFO    | LiteLLM                   | 
LiteLLM completion() model= qwen2.5-coder:7b; provider = ollama
2026-03-21 22:44:45 | INFO    | swarm.events              | EVENT #0005 | author=TheHands             | final=True | preview=```python @kbench.task() def benchmark_metacognition():     import json          # Define a prompt that establishes a cy
2026-03-21 22:44:45 | INFO    | swarm.agents              | [TheHands] Code validation successful.
2026-03-21 22:44:45 | INFO    | swarm.agents              | [MidLevelManager] Step 3: Critic (Review)
2026-03-21 22:44:45 | INFO    | swarm.agents              | [TheCritic] Reviewing surgical patch...
2026-03-21 22:44:45 | INFO    | LiteLLM                   | 
LiteLLM completion() model= gemini-3-flash-preview:cloud; provider = ollama
2026-03-21 22:45:24 | INFO    | swarm.events              | EVENT #0006 | author=TheCritic            | final=True | preview=APPROVE  The proposed code for `benchmark_metacognition` successfully addresses the previous critiques and aligns with t
2026-03-21 22:45:24 | INFO    | swarm.agents              | [MidLevelManager] Code APPROVED by Critic.
2026-03-21 22:45:24 | INFO    | swarm.coordinator         | [DEBUG] Target Node: benchmark_metacognition
2026-03-21 22:45:24 | INFO    | swarm.coordinator         | [DEBUG] Benchmark Path '/Users/surfiniaburger/Desktop/kaggle-agi-eval-swarm/research_env/benchmark.py' Exists? True
2026-03-21 22:45:24 | INFO    | swarm.coordinator         | [DEBUG] Validated Code Length: 2391
2026-03-21 22:45:24 | INFO    | swarm.coordinator         | 🔨 Applying validated syntax patch to benchmark_metacognition via AST...
2026-03-21 22:45:24 | INFO    | swarm.coordinator         | 🚀 Running live benchmark execution...
2026-03-21 22:45:24 | INFO    | swarm.mcp_server          | 🐚 Executing: git add benchmark.py && git commit -m "autocommit: Iteration 1 Patch by TheHands" in /Users/surfiniaburger/Desktop/kaggle-agi-eval-swarm/research_env
2026-03-21 22:45:24 | INFO    | swarm.mcp_server          | 🐚 Executing: uv run -q benchmark.py > run.log 2>&1 in /Users/surfiniaburger/Desktop/kaggle-agi-eval-swarm/research_env
2026-03-21 22:45:26 | INFO    | swarm.coordinator         | 📊 Live Benchmark Result -> 0.0
2026-03-21 22:45:28 | INFO    | swarm.coordinator         | ────────────────────────────────────────────────────────────
2026-03-21 22:45:28 | INFO    | swarm.coordinator         |   🔄 ITERATION 2/30
2026-03-21 22:45:28 | INFO    | swarm.coordinator         | ────────────────────────────────────────────────────────────
2026-03-21 22:45:28 | INFO    | swarm.coordinator         | 🛡️ Running Embedded BDD Sanity Checks...
2026-03-21 22:45:28 | INFO    | swarm.coordinator         | ✅ Architecture is sane.
2026-03-21 22:45:28 | INFO    | swarm.agents              | [MidLevelManager] Orchestrating research loop with Contextual Packets...
2026-03-21 22:45:28 | INFO    | swarm.agents              | [MidLevelManager] Stagnation or Size Limit detected. Performing Context Annealing...
2026-03-21 22:45:28 | INFO    | swarm.agents              | [MidLevelManager] Step 1: Brain (Strategy Update - Iteration 2)
2026-03-21 22:45:28 | INFO    | swarm.agents              | [MidLevelManager] Step 1a: Context Optimizer (Pruning State...)
2026-03-21 22:45:28 | INFO    | LiteLLM                   | 
LiteLLM completion() model= qwen2.5-coder:7b; provider = ollama
2026-03-21 22:45:41 | INFO    | swarm.events              | EVENT #0007 | author=ContextOptimizer     | final=True | preview=```json {   "current_axis": "Counterfactual Inference",   "historical_narrative": "The team has been focused on enhancin
2026-03-21 22:45:41 | INFO    | swarm.agents              | [MidLevelManager] State pruned. Injecting distilled JSON into Brain.
2026-03-21 22:45:41 | INFO    | swarm.agents              | [TheBrain] Analyzing results via shared documents...
2026-03-21 22:45:41 | INFO    | LiteLLM                   | 
LiteLLM completion() model= gemini-3-flash-preview:cloud; provider = ollama
2026-03-21 22:46:01 | INFO    | swarm.events              | EVENT #0008 | author=TheBrain             | final=True | preview=**TARGET_NODE**: benchmark_metacognition  **STRATEGY**: We will advance to **Epistemic Conflict Resolution (ECR)**. Whil
2026-03-21 22:46:01 | INFO    | swarm.agents              | [MidLevelManager] Strategy category: 'confidence_calibration' (allowed)
2026-03-21 22:46:01 | INFO    | swarm.agents              | [MidLevelManager] Fibonacci Milestone reached (Iter 2). Archiving Era...
2026-03-21 22:46:01 | INFO    | swarm.agents              | [MidLevelManager] Step 2: Hands (Implementation - Attempt 1)
2026-03-21 22:46:01 | INFO    | swarm.agents              | [TheHands] Beginning code surgery...
2026-03-21 22:46:01 | INFO    | LiteLLM                   | 
LiteLLM completion() model= qwen2.5-coder:7b; provider = ollama
2026-03-21 22:46:26 | INFO    | swarm.events              | EVENT #0009 | author=TheHands             | final=True | preview=```python @kbench.task() def benchmark_metacognition():     # Define a paradox where Rule 3 is explicitly labeled as low
2026-03-21 22:46:26 | INFO    | swarm.agents              | [TheHands] Code validation successful.
2026-03-21 22:46:26 | INFO    | swarm.agents              | [MidLevelManager] Step 3: Critic (Review)
2026-03-21 22:46:26 | INFO    | swarm.agents              | [TheCritic] Reviewing surgical patch...
2026-03-21 22:46:26 | INFO    | LiteLLM                   | 
LiteLLM completion() model= gemini-3-flash-preview:cloud; provider = ollama
2026-03-21 22:46:42 | INFO    | swarm.events              | EVENT #0010 | author=TheCritic            | final=True | preview=REJECT  The proposed code fails the **ASSERTION FILTER** and deviates from the mathematical requirements of the **STRATE
2026-03-21 22:46:42 | WARNING | swarm.agents              | [MidLevelManager] Code REJECTED by Critic. Attempting correction...
2026-03-21 22:46:42 | INFO    | swarm.agents              | [MidLevelManager] Step 2: Hands (Implementation - Attempt 2)
2026-03-21 22:46:42 | INFO    | swarm.agents              | [TheHands] Beginning code surgery...
2026-03-21 22:46:42 | INFO    | LiteLLM                   | 
LiteLLM completion() model= qwen2.5-coder:7b; provider = ollama
2026-03-21 22:47:19 | INFO    | swarm.events              | EVENT #0011 | author=TheHands             | final=True | preview=```python @kbench.task() def benchmark_metacognition():     # Define a paradox where Rule 3 is explicitly labeled as low
2026-03-21 22:47:19 | INFO    | swarm.agents              | [TheHands] Code validation successful.
2026-03-21 22:47:19 | INFO    | swarm.agents              | [MidLevelManager] Step 3: Critic (Review)
2026-03-21 22:47:19 | INFO    | swarm.agents              | [TheCritic] Reviewing surgical patch...
2026-03-21 22:47:20 | INFO    | LiteLLM                   | 
LiteLLM completion() model= gemini-3-flash-preview:cloud; provider = ollama
2026-03-21 22:47:48 | INFO    | swarm.events              | EVENT #0012 | author=TheCritic            | final=True | preview=REJECT  The proposed code fails the **ASSERTION FILTER** and deviates from the mathematical requirements of the **STRATE
2026-03-21 22:47:48 | WARNING | swarm.agents              | [MidLevelManager] Code REJECTED by Critic. Attempting correction...
2026-03-21 22:47:48 | INFO    | swarm.agents              | [MidLevelManager] Step 2: Hands (Implementation - Attempt 3)
2026-03-21 22:47:48 | INFO    | swarm.agents              | [TheHands] Beginning code surgery...
2026-03-21 22:47:48 | INFO    | LiteLLM                   | 
LiteLLM completion() model= qwen2.5-coder:7b; provider = ollama
2026-03-21 22:48:15 | INFO    | swarm.events              | EVENT #0013 | author=TheHands             | final=True | preview=```python @kbench.task() def benchmark_metacognition():     # Define a paradox where Rule 3 is explicitly labeled as low
2026-03-21 22:48:15 | INFO    | swarm.agents              | [TheHands] Code validation successful.
2026-03-21 22:48:15 | INFO    | swarm.agents              | [MidLevelManager] Step 3: Critic (Review)
2026-03-21 22:48:15 | INFO    | swarm.agents              | [TheCritic] Reviewing surgical patch...
2026-03-21 22:48:15 | INFO    | LiteLLM                   | 
LiteLLM completion() model= gemini-3-flash-preview:cloud; provider = ollama
2026-03-21 22:48:25 | INFO    | swarm.events              | EVENT #0014 | author=TheCritic            | final=True | preview=APPROVE  The proposed code for `benchmark_metacognition` is now logically sound, mathematically rigorous, and fully comp
2026-03-21 22:48:25 | INFO    | swarm.agents              | [MidLevelManager] Code APPROVED by Critic.
2026-03-21 22:48:25 | INFO    | swarm.coordinator         | [DEBUG] Target Node: benchmark_metacognition
2026-03-21 22:48:25 | INFO    | swarm.coordinator         | [DEBUG] Benchmark Path '/Users/surfiniaburger/Desktop/kaggle-agi-eval-swarm/research_env/benchmark.py' Exists? True
2026-03-21 22:48:25 | INFO    | swarm.coordinator         | [DEBUG] Validated Code Length: 2836
2026-03-21 22:48:25 | INFO    | swarm.coordinator         | 🔨 Applying validated syntax patch to benchmark_metacognition via AST...
2026-03-21 22:48:25 | INFO    | swarm.coordinator         | 🚀 Running live benchmark execution...
2026-03-21 22:48:25 | INFO    | swarm.mcp_server          | 🐚 Executing: git add benchmark.py && git commit -m "autocommit: Iteration 2 Patch by TheHands" in /Users/surfiniaburger/Desktop/kaggle-agi-eval-swarm/research_env
2026-03-21 22:48:25 | INFO    | swarm.mcp_server          | 🐚 Executing: uv run -q benchmark.py > run.log 2>&1 in /Users/surfiniaburger/Desktop/kaggle-agi-eval-swarm/research_env
2026-03-21 22:48:27 | INFO    | swarm.coordinator         | 📊 Live Benchmark Result -> 0.0
2026-03-21 22:48:28 | INFO    | swarm.coordinator         | ────────────────────────────────────────────────────────────
2026-03-21 22:48:28 | INFO    | swarm.coordinator         |   🔄 ITERATION 3/30
2026-03-21 22:48:28 | INFO    | swarm.coordinator         | ────────────────────────────────────────────────────────────
2026-03-21 22:48:28 | INFO    | swarm.coordinator         | 🛡️ Running Embedded BDD Sanity Checks...
2026-03-21 22:48:28 | INFO    | swarm.coordinator         | ✅ Architecture is sane.
2026-03-21 22:48:28 | INFO    | swarm.agents              | [MidLevelManager] Orchestrating research loop with Contextual Packets...
2026-03-21 22:48:28 | INFO    | swarm.agents              | [MidLevelManager] Stagnation or Size Limit detected. Performing Context Annealing...
2026-03-21 22:48:28 | INFO    | swarm.agents              | [MidLevelManager] Step 1: Brain (Strategy Update - Iteration 3)
2026-03-21 22:48:28 | INFO    | swarm.agents              | [MidLevelManager] Step 1a: Context Optimizer (Pruning State...)
2026-03-21 22:48:29 | INFO    | LiteLLM                   | 
LiteLLM completion() model= qwen2.5-coder:7b; provider = ollama
2026-03-21 22:48:55 | INFO    | swarm.events              | EVENT #0015 | author=ContextOptimizer     | final=True | preview=### Final Code Implementation  Based on the feedback and evaluation, here's the final implementation of `benchmark_metac
2026-03-21 22:48:55 | INFO    | swarm.agents              | [MidLevelManager] State pruned. Injecting distilled JSON into Brain.
2026-03-21 22:48:55 | INFO    | swarm.agents              | [TheBrain] Analyzing results via shared documents...
2026-03-21 22:48:56 | INFO    | LiteLLM                   | 
LiteLLM completion() model= gemini-3-flash-preview:cloud; provider = ollama
2026-03-21 22:49:10 | INFO    | swarm.events              | EVENT #0016 | author=TheBrain             | final=True | preview=**TARGET_NODE**: benchmark_metacognition  **STRATEGY**: We are advancing from resolution to **Epistemic Risk Assessment 
2026-03-21 22:49:10 | WARNING | swarm.agents              | [MidLevelManager] Strategy Diversifier REJECTED: Rejected: 2+ consecutive 'confidence_calibration' strategies. Explore a different axis.
2026-03-21 22:49:10 | INFO    | swarm.agents              | [MidLevelManager] Fibonacci Milestone reached (Iter 3). Archiving Era...
2026-03-21 22:49:10 | INFO    | swarm.agents              | [MidLevelManager] Step 2: Hands (Implementation - Attempt 1)
2026-03-21 22:49:10 | INFO    | swarm.agents              | [TheHands] Beginning code surgery...
2026-03-21 22:49:10 | INFO    | LiteLLM                   | 
LiteLLM completion() model= qwen2.5-coder:7b; provider = ollama
2026-03-21 22:49:20 | INFO    | swarm.events              | EVENT #0017 | author=TheHands             | final=True | preview=It seems that the message is cut off. Could you please provide more information or ask a specific question? I'm here to 
2026-03-21 22:49:20 | ERROR   | swarm.agents              | [TheHands] AST Validation failed: unterminated string literal (detected at line 1) (<unknown>, line 1)
2026-03-21 22:49:20 | WARNING | swarm.agents              | [MidLevelManager] Hands failed AST validation. Attempting correction...
2026-03-21 22:49:20 | INFO    | swarm.agents              | [MidLevelManager] Step 2: Hands (Implementation - Attempt 2)
2026-03-21 22:49:20 | INFO    | swarm.agents              | [TheHands] Beginning code surgery...
2026-03-21 22:49:20 | INFO    | LiteLLM                   | 
LiteLLM completion() model= qwen2.5-coder:7b; provider = ollama
2026-03-21 22:49:36 | INFO    | swarm.events              | EVENT #0018 | author=TheHands             | final=True | preview=Sure, let's continue with the next steps based on our ongoing conversation and the provided context. Here is a summary o
2026-03-21 22:49:36 | ERROR   | swarm.agents              | [TheHands] AST Validation failed: unterminated string literal (detected at line 1) (<unknown>, line 1)
2026-03-21 22:49:36 | WARNING | swarm.agents              | [MidLevelManager] Hands failed AST validation. Attempting correction...
2026-03-21 22:49:36 | INFO    | swarm.agents              | [MidLevelManager] Step 2: Hands (Implementation - Attempt 3)
2026-03-21 22:49:36 | INFO    | swarm.agents              | [TheHands] Beginning code surgery...
2026-03-21 22:49:36 | INFO    | LiteLLM                   | 
LiteLLM completion() model= qwen2.5-coder:7b; provider = ollama
2026-03-21 22:49:55 | INFO    | swarm.events              | EVENT #0019 | author=TheHands             | final=True | preview=Based on the conversation and the strategic objectives outlined, here is a summary of the current state and next steps: 
2026-03-21 22:49:55 | ERROR   | swarm.agents              | [TheHands] AST Validation failed: unterminated string literal (detected at line 6) (<unknown>, line 6)
2026-03-21 22:49:55 | WARNING | swarm.agents              | [MidLevelManager] Hands failed AST validation. Attempting correction...
2026-03-21 22:49:55 | INFO    | swarm.coordinator         | [DEBUG] Target Node: benchmark_metacognition
2026-03-21 22:49:55 | INFO    | swarm.coordinator         | [DEBUG] Benchmark Path '/Users/surfiniaburger/Desktop/kaggle-agi-eval-swarm/research_env/benchmark.py' Exists? True
2026-03-21 22:49:55 | INFO    | swarm.coordinator         | [DEBUG] Validated Code Length: 0
2026-03-21 22:49:57 | INFO    | swarm.coordinator         | ────────────────────────────────────────────────────────────
2026-03-21 22:49:57 | INFO    | swarm.coordinator         |   🔄 ITERATION 4/30
2026-03-21 22:49:57 | INFO    | swarm.coordinator         | ────────────────────────────────────────────────────────────
2026-03-21 22:49:57 | INFO    | swarm.coordinator         | 🛡️ Running Embedded BDD Sanity Checks...
2026-03-21 22:49:57 | INFO    | swarm.coordinator         | ✅ Architecture is sane.
2026-03-21 22:49:57 | INFO    | swarm.agents              | [MidLevelManager] Orchestrating research loop with Contextual Packets...
2026-03-21 22:49:57 | INFO    | swarm.agents              | [MidLevelManager] Stagnation or Size Limit detected. Performing Context Annealing...
2026-03-21 22:49:57 | INFO    | swarm.agents              | [MidLevelManager] Step 1: Brain (Strategy Update - Iteration 4)
2026-03-21 22:49:57 | INFO    | swarm.agents              | [MidLevelManager] Step 1a: Context Optimizer (Pruning State...)
2026-03-21 22:49:57 | INFO    | LiteLLM                   | 
LiteLLM completion() model= qwen2.5-coder:7b; provider = ollama
2026-03-21 22:50:36 | INFO    | swarm.events              | EVENT #0020 | author=ContextOptimizer     | final=True | preview=### Next Steps: Detailed Plan  #### 1. **Refinement and Testing**    - **Scenario Development**: Expand the range of sce
2026-03-21 22:50:36 | INFO    | swarm.agents              | [MidLevelManager] State pruned. Injecting distilled JSON into Brain.
2026-03-21 22:50:36 | INFO    | swarm.agents              | [TheBrain] Analyzing results via shared documents...
2026-03-21 22:50:36 | INFO    | LiteLLM                   | 
LiteLLM completion() model= gemini-3-flash-preview:cloud; provider = ollama
2026-03-21 22:50:50 | INFO    | swarm.events              | EVENT #0021 | author=TheBrain             | final=True | preview=**TARGET_NODE**: benchmark_metacognition  **STRATEGY**: We are advancing the Deep Drill to **Recursive Epistemic Vulnera
2026-03-21 22:50:50 | WARNING | swarm.agents              | [MidLevelManager] Strategy Diversifier REJECTED: Rejected: 2+ consecutive 'confidence_calibration' strategies. Explore a different axis.
2026-03-21 22:50:50 | INFO    | swarm.agents              | [MidLevelManager] Step 2: Hands (Implementation - Attempt 1)
2026-03-21 22:50:50 | INFO    | swarm.agents              | [TheHands] Beginning code surgery...
2026-03-21 22:50:50 | INFO    | LiteLLM                   | 
LiteLLM completion() model= qwen2.5-coder:7b; provider = ollama
2026-03-21 22:51:23 | INFO    | swarm.events              | EVENT #0022 | author=TheHands             | final=True | preview=The provided code hint outlines a benchmarking task for testing a model's ability to handle recursive epistemic vulnerab
2026-03-21 22:51:23 | INFO    | swarm.agents              | [TheHands] Code validation successful.
2026-03-21 22:51:23 | INFO    | swarm.agents              | [MidLevelManager] Step 3: Critic (Review)
2026-03-21 22:51:23 | INFO    | swarm.agents              | [TheCritic] Reviewing surgical patch...
2026-03-21 22:51:23 | INFO    | LiteLLM                   | 
LiteLLM completion() model= gemini-3-flash-preview:cloud; provider = ollama
2026-03-21 22:51:24 | ERROR   | swarm.coordinator         | 🌐 Network Error in Iteration 4: litellm.APIConnectionError: OllamaException - {"error":"you (adedoyinsola) have reached your weekly usage limit, upgrade for higher limits: https://ollama.com/upgrade"}

2026-03-21 22:51:24 | INFO    | swarm.coordinator         | ⏳ Sleeping for 60 seconds before retrying the same iteration due to network failure...
2026-03-21 22:52:24 | INFO    | swarm.coordinator         | ────────────────────────────────────────────────────────────
2026-03-21 22:52:24 | INFO    | swarm.coordinator         |   🔄 ITERATION 4/30
2026-03-21 22:52:24 | INFO    | swarm.coordinator         | ────────────────────────────────────────────────────────────
2026-03-21 22:52:24 | INFO    | swarm.coordinator         | 🛡️ Running Embedded BDD Sanity Checks...
2026-03-21 22:52:25 | INFO    | swarm.coordinator         | ✅ Architecture is sane.
2026-03-21 22:52:25 | INFO    | swarm.agents              | [MidLevelManager] Orchestrating research loop with Contextual Packets...
2026-03-21 22:52:25 | INFO    | swarm.agents              | [MidLevelManager] Stagnation or Size Limit detected. Performing Context Annealing...
2026-03-21 22:52:25 | INFO    | swarm.agents              | [MidLevelManager] Step 1: Brain (Strategy Update - Iteration 4)
2026-03-21 22:52:25 | INFO    | swarm.agents              | [MidLevelManager] Step 1a: Context Optimizer (Pruning State...)
2026-03-21 22:52:25 | INFO    | LiteLLM                   | 
LiteLLM completion() model= qwen2.5-coder:7b; provider = ollama
2026-03-21 22:52:56 | INFO    | swarm.events              | EVENT #0023 | author=ContextOptimizer     | final=True | preview=### The provided code hint outlines a benchmarking task for testing a model's ability to handle recursive epistemic vuln
2026-03-21 22:52:56 | INFO    | swarm.agents              | [MidLevelManager] State pruned. Injecting distilled JSON into Brain.
2026-03-21 22:52:56 | INFO    | swarm.agents              | [TheBrain] Analyzing results via shared documents...
2026-03-21 22:52:57 | INFO    | LiteLLM                   | 
LiteLLM completion() model= gemini-3-flash-preview:cloud; provider = ollama
2026-03-21 22:52:58 | ERROR   | swarm.coordinator         | 🌐 Network Error in Iteration 4: litellm.APIConnectionError: OllamaException - {"error":"you (adedoyinsola) have reached your weekly usage limit, upgrade for higher limits: https://ollama.com/upgrade"}

2026-03-21 22:52:58 | INFO    | swarm.coordinator         | ⏳ Sleeping for 60 seconds before retrying the same iteration due to network failure...
2026-03-21 22:53:58 | INFO    | swarm.coordinator         | ────────────────────────────────────────────────────────────
2026-03-21 22:53:58 | INFO    | swarm.coordinator         |   🔄 ITERATION 4/30
2026-03-21 22:53:58 | INFO    | swarm.coordinator         | ────────────────────────────────────────────────────────────
2026-03-21 22:53:58 | INFO    | swarm.coordinator         | 🛡️ Running Embedded BDD Sanity Checks...
2026-03-21 22:53:58 | INFO    | swarm.coordinator         | ✅ Architecture is sane.
2026-03-21 22:53:58 | INFO    | swarm.agents              | [MidLevelManager] Orchestrating research loop with Contextual Packets...
2026-03-21 22:53:58 | INFO    | swarm.agents              | [MidLevelManager] Stagnation or Size Limit detected. Performing Context Annealing...
2026-03-21 22:53:58 | INFO    | swarm.agents              | [MidLevelManager] Step 1: Brain (Strategy Update - Iteration 4)
2026-03-21 22:53:58 | INFO    | swarm.agents              | [MidLevelManager] Step 1a: Context Optimizer (Pruning State...)
2026-03-21 22:53:58 | INFO    | LiteLLM                   | 
LiteLLM completion() model= qwen2.5-coder:7b; provider = ollama
2026-03-21 22:54:27 | INFO    | swarm.events              | EVENT #0024 | author=ContextOptimizer     | final=True | preview=Certainly! Let's continue with the previous instructions and processes.  ### Summary of Previous Steps:  1. **Prompt Def
2026-03-21 22:54:27 | INFO    | swarm.agents              | [MidLevelManager] State pruned. Injecting distilled JSON into Brain.
2026-03-21 22:54:27 | INFO    | swarm.agents              | [TheBrain] Analyzing results via shared documents...
2026-03-21 22:54:27 | INFO    | LiteLLM                   | 
LiteLLM completion() model= gemini-3-flash-preview:cloud; provider = ollama
2026-03-21 22:54:29 | ERROR   | swarm.coordinator         | 🌐 Network Error in Iteration 4: litellm.APIConnectionError: OllamaException - {"error":"you (adedoyinsola) have reached your weekly usage limit, upgrade for higher limits: https://ollama.com/upgrade"}

2026-03-21 22:54:29 | INFO    | swarm.coordinator         | ⏳ Sleeping for 60 seconds before retrying the same iteration due to network failure...
2026-03-21 22:55:29 | INFO    | swarm.coordinator         | ────────────────────────────────────────────────────────────
2026-03-21 22:55:29 | INFO    | swarm.coordinator         |   🔄 ITERATION 4/30
2026-03-21 22:55:29 | INFO    | swarm.coordinator         | ────────────────────────────────────────────────────────────
2026-03-21 22:55:29 | INFO    | swarm.coordinator         | 🛡️ Running Embedded BDD Sanity Checks...
2026-03-21 22:55:29 | INFO    | swarm.coordinator         | ✅ Architecture is sane.
2026-03-21 22:55:29 | INFO    | swarm.agents              | [MidLevelManager] Orchestrating research loop with Contextual Packets...
2026-03-21 22:55:29 | INFO    | swarm.agents              | [MidLevelManager] Stagnation or Size Limit detected. Performing Context Annealing...
2026-03-21 22:55:29 | INFO    | swarm.agents              | [MidLevelManager] Step 1: Brain (Strategy Update - Iteration 4)
2026-03-21 22:55:29 | INFO    | swarm.agents              | [MidLevelManager] Step 1a: Context Optimizer (Pruning State...)
2026-03-21 22:55:29 | INFO    | LiteLLM                   | 
LiteLLM completion() model= qwen2.5-coder:7b; provider = ollama
2026-03-21 22:55:59 | INFO    | swarm.events              | EVENT #0025 | author=ContextOptimizer     | final=True | preview=Based on the instructions provided, the next steps would involve continuing with the previous processes and implementing
2026-03-21 22:55:59 | INFO    | swarm.agents              | [MidLevelManager] State pruned. Injecting distilled JSON into Brain.
2026-03-21 22:55:59 | INFO    | swarm.agents              | [TheBrain] Analyzing results via shared documents...
2026-03-21 22:56:00 | INFO    | LiteLLM                   | 
LiteLLM completion() model= gemini-3-flash-preview:cloud; provider = ollama
2026-03-21 22:56:01 | ERROR   | swarm.coordinator         | 🌐 Network Error in Iteration 4: litellm.APIConnectionError: OllamaException - {"error":"you (adedoyinsola) have reached your weekly usage limit, upgrade for higher limits: https://ollama.com/upgrade"}

2026-03-21 22:56:01 | INFO    | swarm.coordinator         | ⏳ Sleeping for 60 seconds before retrying the same iteration due to network failure...
2026-03-21 22:57:01 | INFO    | swarm.coordinator         | ────────────────────────────────────────────────────────────
2026-03-21 22:57:01 | INFO    | swarm.coordinator         |   🔄 ITERATION 4/30
2026-03-21 22:57:01 | INFO    | swarm.coordinator         | ────────────────────────────────────────────────────────────
2026-03-21 22:57:01 | INFO    | swarm.coordinator         | 🛡️ Running Embedded BDD Sanity Checks...
2026-03-21 22:57:01 | INFO    | swarm.coordinator         | ✅ Architecture is sane.
2026-03-21 22:57:01 | INFO    | swarm.agents              | [MidLevelManager] Orchestrating research loop with Contextual Packets...
2026-03-21 22:57:01 | INFO    | swarm.agents              | [MidLevelManager] Stagnation or Size Limit detected. Performing Context Annealing...
2026-03-21 22:57:01 | INFO    | swarm.agents              | [MidLevelManager] Step 1: Brain (Strategy Update - Iteration 4)
2026-03-21 22:57:01 | INFO    | swarm.agents              | [MidLevelManager] Step 1a: Context Optimizer (Pruning State...)
2026-03-21 22:57:01 | INFO    | LiteLLM                   | 
LiteLLM completion() model= qwen2.5-coder:7b; provider = ollama
2026-03-21 22:57:32 | INFO    | swarm.events              | EVENT #0026 | author=ContextOptimizer     | final=True | preview=Given the completion of the provided instructions, I'll summarize the process and indicate that no further outputs are r
2026-03-21 22:57:32 | INFO    | swarm.agents              | [MidLevelManager] State pruned. Injecting distilled JSON into Brain.
2026-03-21 22:57:32 | INFO    | swarm.agents              | [TheBrain] Analyzing results via shared documents...
2026-03-21 22:57:33 | INFO    | LiteLLM                   | 
LiteLLM completion() model= gemini-3-flash-preview:cloud; provider = ollama
2026-03-21 22:57:34 | ERROR   | swarm.coordinator         | 🌐 Network Error in Iteration 4: litellm.APIConnectionError: OllamaException - {"error":"you (adedoyinsola) have reached your weekly usage limit, upgrade for higher limits: https://ollama.com/upgrade"}

2026-03-21 22:57:34 | INFO    | swarm.coordinator         | ⏳ Sleeping for 60 seconds before retrying the same iteration due to network failure...
2026-03-21 22:58:34 | INFO    | swarm.coordinator         | ────────────────────────────────────────────────────────────
2026-03-21 22:58:34 | INFO    | swarm.coordinator         |   🔄 ITERATION 4/30
2026-03-21 22:58:34 | INFO    | swarm.coordinator         | ────────────────────────────────────────────────────────────
2026-03-21 22:58:34 | INFO    | swarm.coordinator         | 🛡️ Running Embedded BDD Sanity Checks...
2026-03-21 22:58:34 | INFO    | swarm.coordinator         | ✅ Architecture is sane.
2026-03-21 22:58:34 | INFO    | swarm.agents              | [MidLevelManager] Orchestrating research loop with Contextual Packets...
2026-03-21 22:58:34 | INFO    | swarm.agents              | [MidLevelManager] Stagnation or Size Limit detected. Performing Context Annealing...
2026-03-21 22:58:34 | INFO    | swarm.agents              | [MidLevelManager] Step 1: Brain (Strategy Update - Iteration 4)
2026-03-21 22:58:34 | INFO    | swarm.agents              | [MidLevelManager] Step 1a: Context Optimizer (Pruning State...)
2026-03-21 22:58:34 | INFO    | LiteLLM                   | 
LiteLLM completion() model= qwen2.5-coder:7b; provider = ollama
2026-03-21 22:59:04 | INFO    | swarm.events              | EVENT #0027 | author=ContextOptimizer     | final=True | preview=Based on the instructions provided and the tasks completed so far, here is a summary of the entire process:  1. **Prompt
2026-03-21 22:59:04 | INFO    | swarm.agents              | [MidLevelManager] State pruned. Injecting distilled JSON into Brain.
2026-03-21 22:59:04 | INFO    | swarm.agents              | [TheBrain] Analyzing results via shared documents...
2026-03-21 22:59:05 | INFO    | LiteLLM                   | 
LiteLLM completion() model= gemini-3-flash-preview:cloud; provider = ollama
2026-03-21 22:59:06 | ERROR   | swarm.coordinator         | 🌐 Network Error in Iteration 4: litellm.APIConnectionError: OllamaException - {"error":"you (adedoyinsola) have reached your weekly usage limit, upgrade for higher limits: https://ollama.com/upgrade"}

2026-03-21 22:59:06 | INFO    | swarm.coordinator         | ⏳ Sleeping for 60 seconds before retrying the same iteration due to network failure...
2026-03-21 23:00:06 | INFO    | swarm.coordinator         | ────────────────────────────────────────────────────────────
2026-03-21 23:00:06 | INFO    | swarm.coordinator         |   🔄 ITERATION 4/30
2026-03-21 23:00:06 | INFO    | swarm.coordinator         | ────────────────────────────────────────────────────────────
2026-03-21 23:00:06 | INFO    | swarm.coordinator         | 🛡️ Running Embedded BDD Sanity Checks...
2026-03-21 23:00:06 | INFO    | swarm.coordinator         | ✅ Architecture is sane.
2026-03-21 23:00:06 | INFO    | swarm.agents              | [MidLevelManager] Orchestrating research loop with Contextual Packets...
2026-03-21 23:00:06 | INFO    | swarm.agents              | [MidLevelManager] Stagnation or Size Limit detected. Performing Context Annealing...
2026-03-21 23:00:06 | INFO    | swarm.agents              | [MidLevelManager] Step 1: Brain (Strategy Update - Iteration 4)
2026-03-21 23:00:06 | INFO    | swarm.agents              | [MidLevelManager] Step 1a: Context Optimizer (Pruning State...)
2026-03-21 23:00:06 | INFO    | LiteLLM                   | 
LiteLLM completion() model= qwen2.5-coder:7b; provider = ollama
2026-03-21 23:00:37 | INFO    | swarm.events              | EVENT #0028 | author=ContextOptimizer     | final=True | preview=Based on the instructions provided and the tasks completed so far, here is a summary of the entire process:  1. **Prompt
2026-03-21 23:00:37 | INFO    | swarm.agents              | [MidLevelManager] State pruned. Injecting distilled JSON into Brain.
2026-03-21 23:00:37 | INFO    | swarm.agents              | [TheBrain] Analyzing results via shared documents...
2026-03-21 23:00:37 | INFO    | LiteLLM                   | 
LiteLLM completion() model= gemini-3-flash-preview:cloud; provider = ollama
2026-03-21 23:00:38 | ERROR   | swarm.coordinator         | 🌐 Network Error in Iteration 4: litellm.APIConnectionError: OllamaException - {"error":"you (adedoyinsola) have reached your weekly usage limit, upgrade for higher limits: https://ollama.com/upgrade"}

2026-03-21 23:00:38 | INFO    | swarm.coordinator         | ⏳ Sleeping for 60 seconds before retrying the same iteration due to network failure...
2026-03-21 23:00:46 | INFO    | swarm.main                | 🛑 Shutting down MCP Server...
2026-03-21 23:02:06 | INFO    | swarm.main                | ════════════════════════════════════════════════════════════
2026-03-21 23:02:06 | INFO    | swarm.main                |   🚀 ADK RESEARCH SWARM — SESSION START
2026-03-21 23:02:06 | INFO    | swarm.main                | ════════════════════════════════════════════════════════════
2026-03-21 23:02:06 | INFO    | swarm.main                | Timestamp: 2026-03-21T23:02:06.524078
2026-03-21 23:02:06 | INFO    | swarm.main                | Log file:  /Users/surfiniaburger/Desktop/kaggle-agi-eval-swarm/swarm.log
2026-03-21 23:02:06 | INFO    | swarm.main                | 🔑 Loaded .env credentials.
2026-03-21 23:02:06 | INFO    | swarm.main                | 🧪 Starting Research MCP Server...
2026-03-21 23:02:08 | INFO    | swarm.coordinator         | 📂 Loaded session state: iteration=4, best_gap=0.0
2026-03-21 23:02:08 | INFO    | swarm.main                | ════════════════════════════════════════════════════════════
2026-03-21 23:02:08 | INFO    | swarm.main                |   🤖 SWARM SESSION ACTIVE — ENTERING EVENT LOOP
2026-03-21 23:02:08 | INFO    | swarm.main                | ════════════════════════════════════════════════════════════
2026-03-21 23:02:08 | INFO    | swarm.coordinator         | ════════════════════════════════════════════════════════════
2026-03-21 23:02:08 | INFO    | swarm.coordinator         |   PHASE 1: ENVIRONMENT SETUP
2026-03-21 23:02:08 | INFO    | swarm.coordinator         | ════════════════════════════════════════════════════════════
2026-03-21 23:02:08 | INFO    | swarm.mcp_server          | 🐚 Executing: git checkout -b autoresearch/mar21-2302 in /Users/surfiniaburger/Desktop/kaggle-agi-eval-swarm/research_env
2026-03-21 23:02:08 | INFO    | swarm.coordinator         | ✅ Environment initialized.
2026-03-21 23:02:08 | INFO    | swarm.coordinator         | ════════════════════════════════════════════════════════════
2026-03-21 23:02:08 | INFO    | swarm.coordinator         |   PHASE 2: INITIAL BASECHMARK
2026-03-21 23:02:08 | INFO    | swarm.coordinator         | ════════════════════════════════════════════════════════════
2026-03-21 23:02:08 | INFO    | swarm.mcp_server          | 🐚 Executing: > run.log in /Users/surfiniaburger/Desktop/kaggle-agi-eval-swarm/research_env
2026-03-21 23:02:08 | INFO    | swarm.mcp_server          | 🐚 Executing: git add benchmark.py && git commit -m "autocommit: baseline-reset" in /Users/surfiniaburger/Desktop/kaggle-agi-eval-swarm/research_env
2026-03-21 23:02:08 | INFO    | swarm.mcp_server          | 🐚 Executing: uv run -q benchmark.py > run.log 2>&1 in /Users/surfiniaburger/Desktop/kaggle-agi-eval-swarm/research_env
2026-03-21 23:02:10 | INFO    | swarm.coordinator         | 📊 Baseline: gap=0.0 | status=keep
2026-03-21 23:02:10 | INFO    | swarm.coordinator         | ════════════════════════════════════════════════════════════
2026-03-21 23:02:10 | INFO    | swarm.coordinator         |   PHASE 3: AUTONOMOUS LOOP (max 30 iterations)
2026-03-21 23:02:10 | INFO    | swarm.coordinator         | ════════════════════════════════════════════════════════════
2026-03-21 23:02:10 | INFO    | swarm.coordinator         | ────────────────────────────────────────────────────────────
2026-03-21 23:02:10 | INFO    | swarm.coordinator         |   🔄 ITERATION 4/30
2026-03-21 23:02:10 | INFO    | swarm.coordinator         | ────────────────────────────────────────────────────────────
2026-03-21 23:02:10 | INFO    | swarm.coordinator         | 🛡️ Running Embedded BDD Sanity Checks...
2026-03-21 23:02:10 | INFO    | swarm.coordinator         | ✅ Architecture is sane.
2026-03-21 23:02:10 | INFO    | swarm.agents              | [MidLevelManager] Orchestrating research loop with Contextual Packets...
2026-03-21 23:02:10 | INFO    | swarm.agents              | [MidLevelManager] Stagnation or Size Limit detected. Performing Context Annealing...
2026-03-21 23:02:10 | INFO    | swarm.agents              | [MidLevelManager] Step 1: Brain (Strategy Update - Iteration 4)
2026-03-21 23:02:10 | INFO    | swarm.agents              | [MidLevelManager] Step 1a: Context Optimizer (Pruning State...)
2026-03-21 23:02:12 | INFO    | LiteLLM                   | 
LiteLLM completion() model= qwen2.5-coder:7b; provider = ollama
2026-03-21 23:02:18 | INFO    | swarm.events              | EVENT #0001 | author=ContextOptimizer     | final=True | preview=```json {   "current_axis": "Metacognitive Deep Drill",   "historical_narrative": "The objective has been to develop a m
2026-03-21 23:02:18 | INFO    | swarm.agents              | [MidLevelManager] State pruned. Injecting distilled JSON into Brain.
2026-03-21 23:02:18 | INFO    | swarm.agents              | [TheBrain] Analyzing results via shared documents...
2026-03-21 23:02:18 | ERROR   | swarm.coordinator         | 💥 Iteration 4 failed: Model gemini/gemini-2.0-flash-exp not found.

Provider-style models (e.g., "provider/model-name") require the litellm package.
Install it with: pip install google-adk[extensions]
Or: pip install litellm>=1.75.5

Supported providers include: openai, groq, anthropic, and 100+ others.
See https://docs.litellm.ai/docs/providers for a full list.
2026-03-21 23:02:18 | INFO    | swarm.coordinator         | ↩️ Continuing to next iteration...
2026-03-21 23:02:19 | INFO    | swarm.coordinator         | ────────────────────────────────────────────────────────────
2026-03-21 23:02:19 | INFO    | swarm.coordinator         |   🔄 ITERATION 5/30
2026-03-21 23:02:19 | INFO    | swarm.coordinator         | ────────────────────────────────────────────────────────────
2026-03-21 23:02:19 | INFO    | swarm.coordinator         | 🛡️ Running Embedded BDD Sanity Checks...
2026-03-21 23:02:19 | INFO    | swarm.coordinator         | ✅ Architecture is sane.
2026-03-21 23:02:19 | INFO    | swarm.agents              | [MidLevelManager] Orchestrating research loop with Contextual Packets...
2026-03-21 23:02:19 | INFO    | swarm.agents              | [MidLevelManager] Stagnation or Size Limit detected. Performing Context Annealing...
2026-03-21 23:02:19 | INFO    | swarm.agents              | [MidLevelManager] Step 1: Brain (Strategy Update - Iteration 5)
2026-03-21 23:02:19 | INFO    | swarm.agents              | [MidLevelManager] Step 1a: Context Optimizer (Pruning State...)
2026-03-21 23:02:19 | INFO    | LiteLLM                   | 
LiteLLM completion() model= qwen2.5-coder:7b; provider = ollama
2026-03-21 23:02:25 | INFO    | swarm.events              | EVENT #0002 | author=ContextOptimizer     | final=True | preview=```json {   "current_axis": "Metacognitive Deep Drill",   "historical_narrative": "The objective has been to develop a m
2026-03-21 23:02:25 | INFO    | swarm.agents              | [MidLevelManager] State pruned. Injecting distilled JSON into Brain.
2026-03-21 23:02:25 | INFO    | swarm.agents              | [TheBrain] Analyzing results via shared documents...
2026-03-21 23:02:25 | ERROR   | swarm.coordinator         | 💥 Iteration 5 failed: Model gemini/gemini-2.0-flash-exp not found.

Provider-style models (e.g., "provider/model-name") require the litellm package.
Install it with: pip install google-adk[extensions]
Or: pip install litellm>=1.75.5

Supported providers include: openai, groq, anthropic, and 100+ others.
See https://docs.litellm.ai/docs/providers for a full list.
2026-03-21 23:02:25 | INFO    | swarm.coordinator         | ↩️ Continuing to next iteration...
2026-03-21 23:02:26 | INFO    | swarm.coordinator         | ────────────────────────────────────────────────────────────
2026-03-21 23:02:26 | INFO    | swarm.coordinator         |   🔄 ITERATION 6/30
2026-03-21 23:02:26 | INFO    | swarm.coordinator         | ────────────────────────────────────────────────────────────
2026-03-21 23:02:26 | INFO    | swarm.coordinator         | 🛡️ Running Embedded BDD Sanity Checks...
2026-03-21 23:02:26 | INFO    | swarm.coordinator         | ✅ Architecture is sane.
2026-03-21 23:02:26 | INFO    | swarm.agents              | [MidLevelManager] Orchestrating research loop with Contextual Packets...
2026-03-21 23:02:26 | INFO    | swarm.agents              | [MidLevelManager] Stagnation or Size Limit detected. Performing Context Annealing...
2026-03-21 23:02:26 | INFO    | swarm.agents              | [MidLevelManager] Step 1: Brain (Strategy Update - Iteration 6)
2026-03-21 23:02:26 | INFO    | swarm.agents              | [MidLevelManager] Step 1a: Context Optimizer (Pruning State...)
2026-03-21 23:02:26 | INFO    | LiteLLM                   | 
LiteLLM completion() model= qwen2.5-coder:7b; provider = ollama
2026-03-21 23:02:31 | INFO    | swarm.events              | EVENT #0003 | author=ContextOptimizer     | final=True | preview=```json {   "current_axis": "Metacognitive Deep Drill",   "historical_narrative": "The objective has been to develop a m
2026-03-21 23:02:31 | INFO    | swarm.agents              | [MidLevelManager] State pruned. Injecting distilled JSON into Brain.
2026-03-21 23:02:31 | INFO    | swarm.agents              | [TheBrain] Analyzing results via shared documents...
2026-03-21 23:02:31 | ERROR   | swarm.coordinator         | 💥 Iteration 6 failed: Model gemini/gemini-2.0-flash-exp not found.

Provider-style models (e.g., "provider/model-name") require the litellm package.
Install it with: pip install google-adk[extensions]
Or: pip install litellm>=1.75.5

Supported providers include: openai, groq, anthropic, and 100+ others.
See https://docs.litellm.ai/docs/providers for a full list.
2026-03-21 23:02:31 | INFO    | swarm.coordinator         | ↩️ Continuing to next iteration...
2026-03-21 23:02:32 | INFO    | swarm.coordinator         | ────────────────────────────────────────────────────────────
2026-03-21 23:02:32 | INFO    | swarm.coordinator         |   🔄 ITERATION 7/30
2026-03-21 23:02:32 | INFO    | swarm.coordinator         | ────────────────────────────────────────────────────────────
2026-03-21 23:02:32 | INFO    | swarm.coordinator         | 🛡️ Running Embedded BDD Sanity Checks...
2026-03-21 23:02:32 | INFO    | swarm.coordinator         | ✅ Architecture is sane.
2026-03-21 23:02:32 | INFO    | swarm.agents              | [MidLevelManager] Orchestrating research loop with Contextual Packets...
2026-03-21 23:02:32 | INFO    | swarm.agents              | [MidLevelManager] Stagnation or Size Limit detected. Performing Context Annealing...
2026-03-21 23:02:32 | INFO    | swarm.agents              | [MidLevelManager] Step 1: Brain (Strategy Update - Iteration 7)
2026-03-21 23:02:32 | INFO    | swarm.agents              | [MidLevelManager] Step 1a: Context Optimizer (Pruning State...)
2026-03-21 23:02:33 | INFO    | LiteLLM                   | 
LiteLLM completion() model= qwen2.5-coder:7b; provider = ollama
2026-03-21 23:02:38 | INFO    | swarm.events              | EVENT #0004 | author=ContextOptimizer     | final=True | preview=```json {   "current_axis": "Metacognitive Deep Drill",   "historical_narrative": "The objective has been to develop a m
2026-03-21 23:02:38 | INFO    | swarm.agents              | [MidLevelManager] State pruned. Injecting distilled JSON into Brain.
2026-03-21 23:02:38 | INFO    | swarm.agents              | [TheBrain] Analyzing results via shared documents...
2026-03-21 23:02:38 | ERROR   | swarm.coordinator         | 💥 Iteration 7 failed: Model gemini/gemini-2.0-flash-exp not found.

Provider-style models (e.g., "provider/model-name") require the litellm package.
Install it with: pip install google-adk[extensions]
Or: pip install litellm>=1.75.5

Supported providers include: openai, groq, anthropic, and 100+ others.
See https://docs.litellm.ai/docs/providers for a full list.
2026-03-21 23:02:38 | INFO    | swarm.coordinator         | ↩️ Continuing to next iteration...
2026-03-21 23:02:39 | INFO    | swarm.coordinator         | ────────────────────────────────────────────────────────────
2026-03-21 23:02:39 | INFO    | swarm.coordinator         |   🔄 ITERATION 8/30
2026-03-21 23:02:39 | INFO    | swarm.coordinator         | ────────────────────────────────────────────────────────────
2026-03-21 23:02:39 | INFO    | swarm.coordinator         | 🛡️ Running Embedded BDD Sanity Checks...
2026-03-21 23:02:39 | INFO    | swarm.coordinator         | ✅ Architecture is sane.
2026-03-21 23:02:39 | INFO    | swarm.agents              | [MidLevelManager] Orchestrating research loop with Contextual Packets...
2026-03-21 23:02:39 | INFO    | swarm.agents              | [MidLevelManager] Stagnation or Size Limit detected. Performing Context Annealing...
2026-03-21 23:02:39 | INFO    | swarm.agents              | [MidLevelManager] Step 1: Brain (Strategy Update - Iteration 8)
2026-03-21 23:02:39 | INFO    | swarm.agents              | [MidLevelManager] Step 1a: Context Optimizer (Pruning State...)
2026-03-21 23:02:39 | INFO    | LiteLLM                   | 
LiteLLM completion() model= qwen2.5-coder:7b; provider = ollama
2026-03-21 23:02:44 | INFO    | swarm.events              | EVENT #0005 | author=ContextOptimizer     | final=True | preview=```json {   "current_axis": "Metacognitive Deep Drill",   "historical_narrative": "The objective has been to develop a m
2026-03-21 23:02:44 | INFO    | swarm.agents              | [MidLevelManager] State pruned. Injecting distilled JSON into Brain.
2026-03-21 23:02:44 | INFO    | swarm.agents              | [TheBrain] Analyzing results via shared documents...
2026-03-21 23:02:44 | ERROR   | swarm.coordinator         | 💥 Iteration 8 failed: Model gemini/gemini-2.0-flash-exp not found.

Provider-style models (e.g., "provider/model-name") require the litellm package.
Install it with: pip install google-adk[extensions]
Or: pip install litellm>=1.75.5

Supported providers include: openai, groq, anthropic, and 100+ others.
See https://docs.litellm.ai/docs/providers for a full list.
2026-03-21 23:02:44 | INFO    | swarm.coordinator         | ↩️ Continuing to next iteration...
2026-03-21 23:02:46 | INFO    | swarm.coordinator         | ────────────────────────────────────────────────────────────
2026-03-21 23:02:46 | INFO    | swarm.coordinator         |   🔄 ITERATION 9/30
2026-03-21 23:02:46 | INFO    | swarm.coordinator         | ────────────────────────────────────────────────────────────
2026-03-21 23:02:46 | INFO    | swarm.coordinator         | 🛡️ Running Embedded BDD Sanity Checks...
2026-03-21 23:02:46 | INFO    | swarm.coordinator         | ✅ Architecture is sane.
2026-03-21 23:02:46 | INFO    | swarm.agents              | [MidLevelManager] Orchestrating research loop with Contextual Packets...
2026-03-21 23:02:46 | INFO    | swarm.agents              | [MidLevelManager] Stagnation or Size Limit detected. Performing Context Annealing...
2026-03-21 23:02:46 | INFO    | swarm.agents              | [MidLevelManager] Step 1: Brain (Strategy Update - Iteration 9)
2026-03-21 23:02:46 | INFO    | swarm.agents              | [MidLevelManager] Step 1a: Context Optimizer (Pruning State...)
2026-03-21 23:02:46 | INFO    | LiteLLM                   | 
LiteLLM completion() model= qwen2.5-coder:7b; provider = ollama
2026-03-21 23:02:51 | INFO    | swarm.events              | EVENT #0006 | author=ContextOptimizer     | final=True | preview=```json {   "current_axis": "Metacognitive Deep Drill",   "historical_narrative": "The objective has been to develop a m
2026-03-21 23:02:51 | INFO    | swarm.agents              | [MidLevelManager] State pruned. Injecting distilled JSON into Brain.
2026-03-21 23:02:51 | INFO    | swarm.agents              | [TheBrain] Analyzing results via shared documents...
2026-03-21 23:02:51 | ERROR   | swarm.coordinator         | 💥 Iteration 9 failed: Model gemini/gemini-2.0-flash-exp not found.

Provider-style models (e.g., "provider/model-name") require the litellm package.
Install it with: pip install google-adk[extensions]
Or: pip install litellm>=1.75.5

Supported providers include: openai, groq, anthropic, and 100+ others.
See https://docs.litellm.ai/docs/providers for a full list.
2026-03-21 23:02:51 | INFO    | swarm.coordinator         | ↩️ Continuing to next iteration...
2026-03-21 23:02:52 | INFO    | swarm.coordinator         | ────────────────────────────────────────────────────────────
2026-03-21 23:02:52 | INFO    | swarm.coordinator         |   🔄 ITERATION 10/30
2026-03-21 23:02:52 | INFO    | swarm.coordinator         | ────────────────────────────────────────────────────────────
2026-03-21 23:02:52 | INFO    | swarm.coordinator         | 🛡️ Running Embedded BDD Sanity Checks...
2026-03-21 23:02:52 | INFO    | swarm.coordinator         | ✅ Architecture is sane.
2026-03-21 23:02:52 | INFO    | swarm.agents              | [MidLevelManager] Orchestrating research loop with Contextual Packets...
2026-03-21 23:02:52 | INFO    | swarm.agents              | [MidLevelManager] Stagnation or Size Limit detected. Performing Context Annealing...
2026-03-21 23:02:52 | INFO    | swarm.agents              | [MidLevelManager] Step 1: Brain (Strategy Update - Iteration 10)
2026-03-21 23:02:52 | INFO    | swarm.agents              | [MidLevelManager] Step 1a: Context Optimizer (Pruning State...)
2026-03-21 23:02:52 | INFO    | LiteLLM                   | 
LiteLLM completion() model= qwen2.5-coder:7b; provider = ollama
2026-03-21 23:02:57 | INFO    | swarm.main                | 🛑 Shutting down MCP Server...
2026-03-21 23:17:26 | INFO    | swarm.main                | ════════════════════════════════════════════════════════════
2026-03-21 23:17:26 | INFO    | swarm.main                |   🚀 ADK RESEARCH SWARM — SESSION START
2026-03-21 23:17:26 | INFO    | swarm.main                | ════════════════════════════════════════════════════════════
2026-03-21 23:17:26 | INFO    | swarm.main                | Timestamp: 2026-03-21T23:17:26.785636
2026-03-21 23:17:26 | INFO    | swarm.main                | Log file:  /Users/surfiniaburger/Desktop/kaggle-agi-eval-swarm/swarm.log
2026-03-21 23:17:26 | INFO    | swarm.main                | 🔑 Loaded .env credentials.
2026-03-21 23:17:26 | INFO    | swarm.main                | 🧪 Starting Research MCP Server...
2026-03-21 23:17:28 | INFO    | swarm.coordinator         | 📂 Loaded session state: iteration=10, best_gap=0.0
2026-03-21 23:17:28 | INFO    | swarm.main                | ════════════════════════════════════════════════════════════
2026-03-21 23:17:28 | INFO    | swarm.main                |   🤖 SWARM SESSION ACTIVE — ENTERING EVENT LOOP
2026-03-21 23:17:28 | INFO    | swarm.main                | ════════════════════════════════════════════════════════════
2026-03-21 23:17:28 | INFO    | swarm.coordinator         | ════════════════════════════════════════════════════════════
2026-03-21 23:17:28 | INFO    | swarm.coordinator         |   PHASE 1: ENVIRONMENT SETUP
2026-03-21 23:17:28 | INFO    | swarm.coordinator         | ════════════════════════════════════════════════════════════
2026-03-21 23:17:28 | INFO    | swarm.mcp_server          | 🐚 Executing: git checkout -b autoresearch/mar21-2317 in /Users/surfiniaburger/Desktop/kaggle-agi-eval-swarm/research_env
2026-03-21 23:17:28 | INFO    | swarm.coordinator         | ✅ Environment initialized.
2026-03-21 23:17:28 | INFO    | swarm.coordinator         | ════════════════════════════════════════════════════════════
2026-03-21 23:17:28 | INFO    | swarm.coordinator         |   PHASE 2: INITIAL BASECHMARK
2026-03-21 23:17:28 | INFO    | swarm.coordinator         | ════════════════════════════════════════════════════════════
2026-03-21 23:17:28 | INFO    | swarm.mcp_server          | 🐚 Executing: > run.log in /Users/surfiniaburger/Desktop/kaggle-agi-eval-swarm/research_env
2026-03-21 23:17:28 | INFO    | swarm.mcp_server          | 🐚 Executing: git add benchmark.py && git commit -m "autocommit: baseline-reset" in /Users/surfiniaburger/Desktop/kaggle-agi-eval-swarm/research_env
2026-03-21 23:17:29 | INFO    | swarm.mcp_server          | 🐚 Executing: uv run -q benchmark.py > run.log 2>&1 in /Users/surfiniaburger/Desktop/kaggle-agi-eval-swarm/research_env
2026-03-21 23:17:30 | INFO    | swarm.coordinator         | 📊 Baseline: gap=0.0 | status=keep
2026-03-21 23:17:30 | INFO    | swarm.coordinator         | ════════════════════════════════════════════════════════════
2026-03-21 23:17:30 | INFO    | swarm.coordinator         |   PHASE 3: AUTONOMOUS LOOP (max 30 iterations)
2026-03-21 23:17:30 | INFO    | swarm.coordinator         | ════════════════════════════════════════════════════════════
2026-03-21 23:17:30 | INFO    | swarm.coordinator         | ────────────────────────────────────────────────────────────
2026-03-21 23:17:30 | INFO    | swarm.coordinator         |   🔄 ITERATION 10/30
2026-03-21 23:17:30 | INFO    | swarm.coordinator         | ────────────────────────────────────────────────────────────
2026-03-21 23:17:30 | INFO    | swarm.coordinator         | 🛡️ Running Embedded BDD Sanity Checks...
2026-03-21 23:17:31 | INFO    | swarm.coordinator         | ✅ Architecture is sane.
2026-03-21 23:17:31 | INFO    | swarm.agents              | [MidLevelManager] Orchestrating research loop with Contextual Packets...
2026-03-21 23:17:31 | INFO    | swarm.agents              | [MidLevelManager] Stagnation or Size Limit detected. Performing Context Annealing...
2026-03-21 23:17:31 | INFO    | swarm.agents              | [MidLevelManager] Step 1: Brain (Strategy Update - Iteration 10)
2026-03-21 23:17:31 | INFO    | swarm.agents              | [MidLevelManager] Step 1a: Context Optimizer (Pruning State...)
2026-03-21 23:17:32 | INFO    | LiteLLM                   | 
LiteLLM completion() model= qwen2.5-coder:7b; provider = ollama
2026-03-21 23:17:41 | INFO    | swarm.events              | EVENT #0001 | author=ContextOptimizer     | final=True | preview=```json {   "current_axis": "Metacognitive Deep Drill",   "historical_narrative": "The team is developing a comprehensiv
2026-03-21 23:17:41 | INFO    | swarm.agents              | [MidLevelManager] State pruned. Injecting distilled JSON into Brain.
2026-03-21 23:17:41 | INFO    | swarm.agents              | [TheBrain] Analyzing results via shared documents...
2026-03-21 23:17:41 | INFO    | google_adk.google.adk.models.google_llm | Sending out request, model: gemini-2.0-flash-exp, backend: GoogleLLMVariant.GEMINI_API, stream: False
2026-03-21 23:17:41 | INFO    | google_genai.models       | AFC is enabled with max remote calls: 10.
2026-03-21 23:17:42 | ERROR   | swarm.coordinator         | 💥 Iteration 10 failed: 404 NOT_FOUND. {'error': {'code': 404, 'message': 'models/gemini-2.0-flash-exp is not found for API version v1beta, or is not supported for generateContent. Call ListModels to see the list of available models and their supported methods.', 'status': 'NOT_FOUND'}}
2026-03-21 23:17:42 | INFO    | swarm.coordinator         | ↩️ Continuing to next iteration...
2026-03-21 23:17:43 | INFO    | swarm.coordinator         | ────────────────────────────────────────────────────────────
2026-03-21 23:17:43 | INFO    | swarm.coordinator         |   🔄 ITERATION 11/30
2026-03-21 23:17:43 | INFO    | swarm.coordinator         | ────────────────────────────────────────────────────────────
2026-03-21 23:17:43 | INFO    | swarm.coordinator         | 🛡️ Running Embedded BDD Sanity Checks...
2026-03-21 23:17:43 | INFO    | swarm.coordinator         | ✅ Architecture is sane.
2026-03-21 23:17:43 | INFO    | swarm.agents              | [MidLevelManager] Orchestrating research loop with Contextual Packets...
2026-03-21 23:17:43 | INFO    | swarm.agents              | [MidLevelManager] Stagnation or Size Limit detected. Performing Context Annealing...
2026-03-21 23:17:43 | INFO    | swarm.agents              | [MidLevelManager] Step 1: Brain (Strategy Update - Iteration 11)
2026-03-21 23:17:43 | INFO    | swarm.agents              | [MidLevelManager] Step 1a: Context Optimizer (Pruning State...)
2026-03-21 23:17:43 | INFO    | LiteLLM                   | 
LiteLLM completion() model= qwen2.5-coder:7b; provider = ollama
2026-03-21 23:17:47 | INFO    | swarm.events              | EVENT #0002 | author=ContextOptimizer     | final=True | preview=```json {   "current_axis": "Metacognitive Deep Drill",   "historical_narrative": "The team is developing a comprehensiv
2026-03-21 23:17:47 | INFO    | swarm.agents              | [MidLevelManager] State pruned. Injecting distilled JSON into Brain.
2026-03-21 23:17:47 | INFO    | swarm.agents              | [TheBrain] Analyzing results via shared documents...
2026-03-21 23:17:48 | INFO    | google_adk.google.adk.models.google_llm | Sending out request, model: gemini-2.0-flash-exp, backend: GoogleLLMVariant.GEMINI_API, stream: False
2026-03-21 23:17:48 | INFO    | google_genai.models       | AFC is enabled with max remote calls: 10.
2026-03-21 23:17:48 | ERROR   | swarm.coordinator         | 💥 Iteration 11 failed: 404 NOT_FOUND. {'error': {'code': 404, 'message': 'models/gemini-2.0-flash-exp is not found for API version v1beta, or is not supported for generateContent. Call ListModels to see the list of available models and their supported methods.', 'status': 'NOT_FOUND'}}
2026-03-21 23:17:48 | INFO    | swarm.coordinator         | ↩️ Continuing to next iteration...
2026-03-21 23:17:49 | INFO    | swarm.coordinator         | ────────────────────────────────────────────────────────────
2026-03-21 23:17:49 | INFO    | swarm.coordinator         |   🔄 ITERATION 12/30
2026-03-21 23:17:49 | INFO    | swarm.coordinator         | ────────────────────────────────────────────────────────────
2026-03-21 23:17:49 | INFO    | swarm.coordinator         | 🛡️ Running Embedded BDD Sanity Checks...
2026-03-21 23:17:49 | INFO    | swarm.coordinator         | ✅ Architecture is sane.
2026-03-21 23:17:49 | INFO    | swarm.agents              | [MidLevelManager] Orchestrating research loop with Contextual Packets...
2026-03-21 23:17:49 | INFO    | swarm.agents              | [MidLevelManager] Stagnation or Size Limit detected. Performing Context Annealing...
2026-03-21 23:17:49 | INFO    | swarm.agents              | [MidLevelManager] Step 1: Brain (Strategy Update - Iteration 12)
2026-03-21 23:17:49 | INFO    | swarm.agents              | [MidLevelManager] Step 1a: Context Optimizer (Pruning State...)
2026-03-21 23:17:50 | INFO    | LiteLLM                   | 
LiteLLM completion() model= qwen2.5-coder:7b; provider = ollama
2026-03-21 23:17:51 | INFO    | swarm.main                | 🛑 Shutting down MCP Server...
2026-03-21 23:19:37 | INFO    | swarm.main                | ════════════════════════════════════════════════════════════
2026-03-21 23:19:37 | INFO    | swarm.main                |   🚀 ADK RESEARCH SWARM — SESSION START
2026-03-21 23:19:37 | INFO    | swarm.main                | ════════════════════════════════════════════════════════════
2026-03-21 23:19:37 | INFO    | swarm.main                | Timestamp: 2026-03-21T23:19:37.536301
2026-03-21 23:19:37 | INFO    | swarm.main                | Log file:  /Users/surfiniaburger/Desktop/kaggle-agi-eval-swarm/swarm.log
2026-03-21 23:19:37 | INFO    | swarm.main                | 🔑 Loaded .env credentials.
2026-03-21 23:19:37 | INFO    | swarm.main                | 🧪 Starting Research MCP Server...
2026-03-21 23:19:39 | INFO    | swarm.coordinator         | 📂 Loaded session state: iteration=12, best_gap=0.0
2026-03-21 23:19:39 | INFO    | swarm.main                | ════════════════════════════════════════════════════════════
2026-03-21 23:19:39 | INFO    | swarm.main                |   🤖 SWARM SESSION ACTIVE — ENTERING EVENT LOOP
2026-03-21 23:19:39 | INFO    | swarm.main                | ════════════════════════════════════════════════════════════
2026-03-21 23:19:39 | INFO    | swarm.coordinator         | ════════════════════════════════════════════════════════════
2026-03-21 23:19:39 | INFO    | swarm.coordinator         |   PHASE 1: ENVIRONMENT SETUP
2026-03-21 23:19:39 | INFO    | swarm.coordinator         | ════════════════════════════════════════════════════════════
2026-03-21 23:19:39 | INFO    | swarm.mcp_server          | 🐚 Executing: git checkout -b autoresearch/mar21-2319 in /Users/surfiniaburger/Desktop/kaggle-agi-eval-swarm/research_env
2026-03-21 23:19:39 | INFO    | swarm.coordinator         | ✅ Environment initialized.
2026-03-21 23:19:39 | INFO    | swarm.coordinator         | ════════════════════════════════════════════════════════════
2026-03-21 23:19:39 | INFO    | swarm.coordinator         |   PHASE 2: INITIAL BASECHMARK
2026-03-21 23:19:39 | INFO    | swarm.coordinator         | ════════════════════════════════════════════════════════════
2026-03-21 23:19:39 | INFO    | swarm.mcp_server          | 🐚 Executing: > run.log in /Users/surfiniaburger/Desktop/kaggle-agi-eval-swarm/research_env
2026-03-21 23:19:39 | INFO    | swarm.mcp_server          | 🐚 Executing: git add benchmark.py && git commit -m "autocommit: baseline-reset" in /Users/surfiniaburger/Desktop/kaggle-agi-eval-swarm/research_env
2026-03-21 23:19:39 | INFO    | swarm.mcp_server          | 🐚 Executing: uv run -q benchmark.py > run.log 2>&1 in /Users/surfiniaburger/Desktop/kaggle-agi-eval-swarm/research_env
2026-03-21 23:19:41 | INFO    | swarm.coordinator         | 📊 Baseline: gap=0.0 | status=keep
2026-03-21 23:19:41 | INFO    | swarm.coordinator         | ════════════════════════════════════════════════════════════
2026-03-21 23:19:41 | INFO    | swarm.coordinator         |   PHASE 3: AUTONOMOUS LOOP (max 30 iterations)
2026-03-21 23:19:41 | INFO    | swarm.coordinator         | ════════════════════════════════════════════════════════════
2026-03-21 23:19:41 | INFO    | swarm.coordinator         | ────────────────────────────────────────────────────────────
2026-03-21 23:19:41 | INFO    | swarm.coordinator         |   🔄 ITERATION 12/30
2026-03-21 23:19:41 | INFO    | swarm.coordinator         | ────────────────────────────────────────────────────────────
2026-03-21 23:19:41 | INFO    | swarm.coordinator         | 🛡️ Running Embedded BDD Sanity Checks...
2026-03-21 23:19:42 | INFO    | swarm.coordinator         | ✅ Architecture is sane.
2026-03-21 23:19:42 | INFO    | swarm.agents              | [MidLevelManager] Orchestrating research loop with Contextual Packets...
2026-03-21 23:19:42 | INFO    | swarm.agents              | [MidLevelManager] Stagnation or Size Limit detected. Performing Context Annealing...
2026-03-21 23:19:42 | INFO    | swarm.agents              | [MidLevelManager] Step 1: Brain (Strategy Update - Iteration 12)
2026-03-21 23:19:42 | INFO    | swarm.agents              | [MidLevelManager] Step 1a: Context Optimizer (Pruning State...)
2026-03-21 23:19:43 | INFO    | LiteLLM                   | 
LiteLLM completion() model= qwen2.5-coder:7b; provider = ollama
2026-03-21 23:19:48 | INFO    | swarm.events              | EVENT #0001 | author=ContextOptimizer     | final=True | preview=```json {   "current_axis": "Epistemic Friction Monitoring",   "historical_narrative": "We have been exploring the conce
2026-03-21 23:19:48 | INFO    | swarm.agents              | [MidLevelManager] State pruned. Injecting distilled JSON into Brain.
2026-03-21 23:19:48 | INFO    | swarm.agents              | [TheBrain] Analyzing results via shared documents...
2026-03-21 23:19:48 | INFO    | google_adk.google.adk.models.google_llm | Sending out request, model: gemini-2.0-flash, backend: GoogleLLMVariant.GEMINI_API, stream: False
2026-03-21 23:19:48 | INFO    | google_genai.models       | AFC is enabled with max remote calls: 10.
2026-03-21 23:19:49 | ERROR   | swarm.coordinator         | 💥 Iteration 12 failed: 
On how to mitigate this issue, please refer to:

https://google.github.io/adk-docs/agents/models/#error-code-429-resource_exhausted


429 RESOURCE_EXHAUSTED. {'error': {'code': 429, 'message': 'You exceeded your current quota, please check your plan and billing details. For more information on this error, head to: https://ai.google.dev/gemini-api/docs/rate-limits. To monitor your current usage, head to: https://ai.dev/rate-limit. \n* Quota exceeded for metric: generativelanguage.googleapis.com/generate_content_free_tier_input_token_count, limit: 0, model: gemini-2.0-flash\n* Quota exceeded for metric: generativelanguage.googleapis.com/generate_content_free_tier_requests, limit: 0, model: gemini-2.0-flash\n* Quota exceeded for metric: generativelanguage.googleapis.com/generate_content_free_tier_requests, limit: 0, model: gemini-2.0-flash\nPlease retry in 9.853443013s.', 'status': 'RESOURCE_EXHAUSTED', 'details': [{'@type': 'type.googleapis.com/google.rpc.Help', 'links': [{'description': 'Learn more about Gemini API quotas', 'url': 'https://ai.google.dev/gemini-api/docs/rate-limits'}]}, {'@type': 'type.googleapis.com/google.rpc.QuotaFailure', 'violations': [{'quotaMetric': 'generativelanguage.googleapis.com/generate_content_free_tier_input_token_count', 'quotaId': 'GenerateContentInputTokensPerModelPerMinute-FreeTier', 'quotaDimensions': {'location': 'global', 'model': 'gemini-2.0-flash'}}, {'quotaMetric': 'generativelanguage.googleapis.com/generate_content_free_tier_requests', 'quotaId': 'GenerateRequestsPerMinutePerProjectPerModel-FreeTier', 'quotaDimensions': {'location': 'global', 'model': 'gemini-2.0-flash'}}, {'quotaMetric': 'generativelanguage.googleapis.com/generate_content_free_tier_requests', 'quotaId': 'GenerateRequestsPerDayPerProjectPerModel-FreeTier', 'quotaDimensions': {'location': 'global', 'model': 'gemini-2.0-flash'}}]}, {'@type': 'type.googleapis.com/google.rpc.RetryInfo', 'retryDelay': '9s'}]}}
2026-03-21 23:19:49 | INFO    | swarm.coordinator         | ↩️ Continuing to next iteration...
2026-03-21 23:19:50 | INFO    | swarm.coordinator         | ────────────────────────────────────────────────────────────
2026-03-21 23:19:50 | INFO    | swarm.coordinator         |   🔄 ITERATION 13/30
2026-03-21 23:19:50 | INFO    | swarm.coordinator         | ────────────────────────────────────────────────────────────
2026-03-21 23:19:50 | INFO    | swarm.coordinator         | 🛡️ Running Embedded BDD Sanity Checks...
2026-03-21 23:19:51 | INFO    | swarm.coordinator         | ✅ Architecture is sane.
2026-03-21 23:19:51 | INFO    | swarm.agents              | [MidLevelManager] Orchestrating research loop with Contextual Packets...
2026-03-21 23:19:51 | INFO    | swarm.agents              | [MidLevelManager] Stagnation or Size Limit detected. Performing Context Annealing...
2026-03-21 23:19:51 | INFO    | swarm.agents              | [MidLevelManager] Step 1: Brain (Strategy Update - Iteration 13)
2026-03-21 23:19:51 | INFO    | swarm.agents              | [MidLevelManager] Step 1a: Context Optimizer (Pruning State...)
2026-03-21 23:19:51 | INFO    | LiteLLM                   | 
LiteLLM completion() model= qwen2.5-coder:7b; provider = ollama
2026-03-21 23:19:55 | INFO    | swarm.events              | EVENT #0002 | author=ContextOptimizer     | final=True | preview=```json {   "current_axis": "Epistemic Friction Monitoring",   "historical_narrative": "We have been exploring the conce
2026-03-21 23:19:55 | INFO    | swarm.agents              | [MidLevelManager] State pruned. Injecting distilled JSON into Brain.
2026-03-21 23:19:55 | INFO    | swarm.agents              | [TheBrain] Analyzing results via shared documents...
2026-03-21 23:19:55 | INFO    | google_adk.google.adk.models.google_llm | Sending out request, model: gemini-2.0-flash, backend: GoogleLLMVariant.GEMINI_API, stream: False
2026-03-21 23:19:55 | INFO    | google_genai.models       | AFC is enabled with max remote calls: 10.
2026-03-21 23:19:56 | ERROR   | swarm.coordinator         | 💥 Iteration 13 failed: 
On how to mitigate this issue, please refer to:

https://google.github.io/adk-docs/agents/models/#error-code-429-resource_exhausted


429 RESOURCE_EXHAUSTED. {'error': {'code': 429, 'message': 'You exceeded your current quota, please check your plan and billing details. For more information on this error, head to: https://ai.google.dev/gemini-api/docs/rate-limits. To monitor your current usage, head to: https://ai.dev/rate-limit. \n* Quota exceeded for metric: generativelanguage.googleapis.com/generate_content_free_tier_requests, limit: 0, model: gemini-2.0-flash\n* Quota exceeded for metric: generativelanguage.googleapis.com/generate_content_free_tier_requests, limit: 0, model: gemini-2.0-flash\n* Quota exceeded for metric: generativelanguage.googleapis.com/generate_content_free_tier_input_token_count, limit: 0, model: gemini-2.0-flash\nPlease retry in 3.545699795s.', 'status': 'RESOURCE_EXHAUSTED', 'details': [{'@type': 'type.googleapis.com/google.rpc.Help', 'links': [{'description': 'Learn more about Gemini API quotas', 'url': 'https://ai.google.dev/gemini-api/docs/rate-limits'}]}, {'@type': 'type.googleapis.com/google.rpc.QuotaFailure', 'violations': [{'quotaMetric': 'generativelanguage.googleapis.com/generate_content_free_tier_requests', 'quotaId': 'GenerateRequestsPerDayPerProjectPerModel-FreeTier', 'quotaDimensions': {'location': 'global', 'model': 'gemini-2.0-flash'}}, {'quotaMetric': 'generativelanguage.googleapis.com/generate_content_free_tier_requests', 'quotaId': 'GenerateRequestsPerMinutePerProjectPerModel-FreeTier', 'quotaDimensions': {'location': 'global', 'model': 'gemini-2.0-flash'}}, {'quotaMetric': 'generativelanguage.googleapis.com/generate_content_free_tier_input_token_count', 'quotaId': 'GenerateContentInputTokensPerModelPerMinute-FreeTier', 'quotaDimensions': {'location': 'global', 'model': 'gemini-2.0-flash'}}]}, {'@type': 'type.googleapis.com/google.rpc.RetryInfo', 'retryDelay': '3s'}]}}
2026-03-21 23:19:56 | INFO    | swarm.coordinator         | ↩️ Continuing to next iteration...
2026-03-21 23:19:57 | INFO    | swarm.coordinator         | ────────────────────────────────────────────────────────────
2026-03-21 23:19:57 | INFO    | swarm.coordinator         |   🔄 ITERATION 14/30
2026-03-21 23:19:57 | INFO    | swarm.coordinator         | ────────────────────────────────────────────────────────────
2026-03-21 23:19:57 | INFO    | swarm.coordinator         | 🛡️ Running Embedded BDD Sanity Checks...
2026-03-21 23:19:57 | INFO    | swarm.coordinator         | ✅ Architecture is sane.
2026-03-21 23:19:57 | INFO    | swarm.agents              | [MidLevelManager] Orchestrating research loop with Contextual Packets...
2026-03-21 23:19:57 | INFO    | swarm.agents              | [MidLevelManager] Stagnation or Size Limit detected. Performing Context Annealing...
2026-03-21 23:19:57 | INFO    | swarm.agents              | [MidLevelManager] Step 1: Brain (Strategy Update - Iteration 14)
2026-03-21 23:19:57 | INFO    | swarm.agents              | [MidLevelManager] Step 1a: Context Optimizer (Pruning State...)
2026-03-21 23:19:57 | INFO    | LiteLLM                   | 
LiteLLM completion() model= qwen2.5-coder:7b; provider = ollama
2026-03-21 23:19:59 | INFO    | swarm.main                | 🛑 Shutting down MCP Server...
2026-03-21 23:23:08 | INFO    | swarm.main                | ════════════════════════════════════════════════════════════
2026-03-21 23:23:08 | INFO    | swarm.main                |   🚀 ADK RESEARCH SWARM — SESSION START
2026-03-21 23:23:08 | INFO    | swarm.main                | ════════════════════════════════════════════════════════════
2026-03-21 23:23:08 | INFO    | swarm.main                | Timestamp: 2026-03-21T23:23:08.603288
2026-03-21 23:23:08 | INFO    | swarm.main                | Log file:  /Users/surfiniaburger/Desktop/kaggle-agi-eval-swarm/swarm.log
2026-03-21 23:23:08 | INFO    | swarm.main                | 🔑 Loaded .env credentials.
2026-03-21 23:23:08 | INFO    | swarm.main                | 🧪 Starting Research MCP Server...
2026-03-21 23:23:10 | INFO    | swarm.coordinator         | 📂 Loaded session state: iteration=14, best_gap=0.0
2026-03-21 23:23:10 | INFO    | swarm.main                | ════════════════════════════════════════════════════════════
2026-03-21 23:23:10 | INFO    | swarm.main                |   🤖 SWARM SESSION ACTIVE — ENTERING EVENT LOOP
2026-03-21 23:23:10 | INFO    | swarm.main                | ════════════════════════════════════════════════════════════
2026-03-21 23:23:10 | INFO    | swarm.coordinator         | ════════════════════════════════════════════════════════════
2026-03-21 23:23:10 | INFO    | swarm.coordinator         |   PHASE 1: ENVIRONMENT SETUP
2026-03-21 23:23:10 | INFO    | swarm.coordinator         | ════════════════════════════════════════════════════════════
2026-03-21 23:23:10 | INFO    | swarm.mcp_server          | 🐚 Executing: git checkout -b autoresearch/mar21-2323 in /Users/surfiniaburger/Desktop/kaggle-agi-eval-swarm/research_env
2026-03-21 23:23:10 | INFO    | swarm.coordinator         | ✅ Environment initialized.
2026-03-21 23:23:10 | INFO    | swarm.coordinator         | ════════════════════════════════════════════════════════════
2026-03-21 23:23:10 | INFO    | swarm.coordinator         |   PHASE 2: INITIAL BASECHMARK
2026-03-21 23:23:10 | INFO    | swarm.coordinator         | ════════════════════════════════════════════════════════════
2026-03-21 23:23:10 | INFO    | swarm.mcp_server          | 🐚 Executing: > run.log in /Users/surfiniaburger/Desktop/kaggle-agi-eval-swarm/research_env
2026-03-21 23:23:10 | INFO    | swarm.mcp_server          | 🐚 Executing: git add benchmark.py && git commit -m "autocommit: baseline-reset" in /Users/surfiniaburger/Desktop/kaggle-agi-eval-swarm/research_env
2026-03-21 23:23:10 | INFO    | swarm.mcp_server          | 🐚 Executing: uv run -q benchmark.py > run.log 2>&1 in /Users/surfiniaburger/Desktop/kaggle-agi-eval-swarm/research_env
2026-03-21 23:23:12 | INFO    | swarm.coordinator         | 📊 Baseline: gap=0.0 | status=keep
2026-03-21 23:23:12 | INFO    | swarm.coordinator         | ════════════════════════════════════════════════════════════
2026-03-21 23:23:12 | INFO    | swarm.coordinator         |   PHASE 3: AUTONOMOUS LOOP (max 30 iterations)
2026-03-21 23:23:12 | INFO    | swarm.coordinator         | ════════════════════════════════════════════════════════════
2026-03-21 23:23:12 | INFO    | swarm.coordinator         | ────────────────────────────────────────────────────────────
2026-03-21 23:23:12 | INFO    | swarm.coordinator         |   🔄 ITERATION 14/30
2026-03-21 23:23:12 | INFO    | swarm.coordinator         | ────────────────────────────────────────────────────────────
2026-03-21 23:23:12 | INFO    | swarm.coordinator         | 🛡️ Running Embedded BDD Sanity Checks...
2026-03-21 23:23:12 | INFO    | swarm.coordinator         | ✅ Architecture is sane.
2026-03-21 23:23:12 | INFO    | swarm.agents              | [MidLevelManager] Orchestrating research loop with Contextual Packets...
2026-03-21 23:23:12 | INFO    | swarm.agents              | [MidLevelManager] Stagnation or Size Limit detected. Performing Context Annealing...
2026-03-21 23:23:12 | INFO    | swarm.agents              | [MidLevelManager] Step 1: Brain (Strategy Update - Iteration 14)
2026-03-21 23:23:12 | INFO    | swarm.agents              | [MidLevelManager] Step 1a: Context Optimizer (Pruning State...)
2026-03-21 23:23:14 | INFO    | LiteLLM                   | 
LiteLLM completion() model= qwen2.5-coder:7b; provider = ollama
2026-03-21 23:23:19 | INFO    | swarm.events              | EVENT #0001 | author=ContextOptimizer     | final=True | preview=```json {   "current_axis": "Metacognitive Deep Drill",   "historical_narrative": "The overarching logic puzzle being bu
2026-03-21 23:23:19 | INFO    | swarm.agents              | [MidLevelManager] State pruned. Injecting distilled JSON into Brain.
2026-03-21 23:23:19 | INFO    | swarm.agents              | [TheBrain] Analyzing results via shared documents...
2026-03-21 23:23:19 | INFO    | google_adk.google.adk.models.google_llm | Sending out request, model: gemini-2.0-flash, backend: GoogleLLMVariant.GEMINI_API, stream: False
2026-03-21 23:23:19 | INFO    | google_genai.models       | AFC is enabled with max remote calls: 10.
2026-03-21 23:23:20 | ERROR   | swarm.coordinator         | 💥 Iteration 14 failed: 
On how to mitigate this issue, please refer to:

https://google.github.io/adk-docs/agents/models/#error-code-429-resource_exhausted


429 RESOURCE_EXHAUSTED. {'error': {'code': 429, 'message': 'You exceeded your current quota, please check your plan and billing details. For more information on this error, head to: https://ai.google.dev/gemini-api/docs/rate-limits. To monitor your current usage, head to: https://ai.dev/rate-limit. \n* Quota exceeded for metric: generativelanguage.googleapis.com/generate_content_free_tier_requests, limit: 0, model: gemini-2.0-flash\n* Quota exceeded for metric: generativelanguage.googleapis.com/generate_content_free_tier_requests, limit: 0, model: gemini-2.0-flash\n* Quota exceeded for metric: generativelanguage.googleapis.com/generate_content_free_tier_input_token_count, limit: 0, model: gemini-2.0-flash\nPlease retry in 39.390505811s.', 'status': 'RESOURCE_EXHAUSTED', 'details': [{'@type': 'type.googleapis.com/google.rpc.Help', 'links': [{'description': 'Learn more about Gemini API quotas', 'url': 'https://ai.google.dev/gemini-api/docs/rate-limits'}]}, {'@type': 'type.googleapis.com/google.rpc.QuotaFailure', 'violations': [{'quotaMetric': 'generativelanguage.googleapis.com/generate_content_free_tier_requests', 'quotaId': 'GenerateRequestsPerDayPerProjectPerModel-FreeTier', 'quotaDimensions': {'model': 'gemini-2.0-flash', 'location': 'global'}}, {'quotaMetric': 'generativelanguage.googleapis.com/generate_content_free_tier_requests', 'quotaId': 'GenerateRequestsPerMinutePerProjectPerModel-FreeTier', 'quotaDimensions': {'location': 'global', 'model': 'gemini-2.0-flash'}}, {'quotaMetric': 'generativelanguage.googleapis.com/generate_content_free_tier_input_token_count', 'quotaId': 'GenerateContentInputTokensPerModelPerMinute-FreeTier', 'quotaDimensions': {'location': 'global', 'model': 'gemini-2.0-flash'}}]}, {'@type': 'type.googleapis.com/google.rpc.RetryInfo', 'retryDelay': '39s'}]}}
2026-03-21 23:23:20 | INFO    | swarm.coordinator         | ↩️ Continuing to next iteration...
2026-03-21 23:23:21 | INFO    | swarm.coordinator         | ────────────────────────────────────────────────────────────
2026-03-21 23:23:21 | INFO    | swarm.coordinator         |   🔄 ITERATION 15/30
2026-03-21 23:23:21 | INFO    | swarm.coordinator         | ────────────────────────────────────────────────────────────
2026-03-21 23:23:21 | INFO    | swarm.coordinator         | 🛡️ Running Embedded BDD Sanity Checks...
2026-03-21 23:23:21 | INFO    | swarm.coordinator         | ✅ Architecture is sane.
2026-03-21 23:23:21 | INFO    | swarm.agents              | [MidLevelManager] Orchestrating research loop with Contextual Packets...
2026-03-21 23:23:21 | INFO    | swarm.agents              | [MidLevelManager] Stagnation or Size Limit detected. Performing Context Annealing...
2026-03-21 23:23:21 | INFO    | swarm.agents              | [MidLevelManager] Step 1: Brain (Strategy Update - Iteration 15)
2026-03-21 23:23:21 | INFO    | swarm.agents              | [MidLevelManager] Step 1a: Context Optimizer (Pruning State...)
2026-03-21 23:23:21 | INFO    | LiteLLM                   | 
LiteLLM completion() model= qwen2.5-coder:7b; provider = ollama
2026-03-21 23:23:26 | INFO    | swarm.events              | EVENT #0002 | author=ContextOptimizer     | final=True | preview=```json {   "current_axis": "Metacognitive Deep Drill",   "historical_narrative": "The overarching logic puzzle being bu
2026-03-21 23:23:26 | INFO    | swarm.agents              | [MidLevelManager] State pruned. Injecting distilled JSON into Brain.
2026-03-21 23:23:26 | INFO    | swarm.agents              | [TheBrain] Analyzing results via shared documents...
2026-03-21 23:23:26 | INFO    | google_adk.google.adk.models.google_llm | Sending out request, model: gemini-2.0-flash, backend: GoogleLLMVariant.GEMINI_API, stream: False
2026-03-21 23:23:26 | INFO    | google_genai.models       | AFC is enabled with max remote calls: 10.
2026-03-21 23:23:26 | ERROR   | swarm.coordinator         | 💥 Iteration 15 failed: 
On how to mitigate this issue, please refer to:

https://google.github.io/adk-docs/agents/models/#error-code-429-resource_exhausted


429 RESOURCE_EXHAUSTED. {'error': {'code': 429, 'message': 'You exceeded your current quota, please check your plan and billing details. For more information on this error, head to: https://ai.google.dev/gemini-api/docs/rate-limits. To monitor your current usage, head to: https://ai.dev/rate-limit. \n* Quota exceeded for metric: generativelanguage.googleapis.com/generate_content_free_tier_input_token_count, limit: 0, model: gemini-2.0-flash\n* Quota exceeded for metric: generativelanguage.googleapis.com/generate_content_free_tier_requests, limit: 0, model: gemini-2.0-flash\n* Quota exceeded for metric: generativelanguage.googleapis.com/generate_content_free_tier_requests, limit: 0, model: gemini-2.0-flash\nPlease retry in 32.946605567s.', 'status': 'RESOURCE_EXHAUSTED', 'details': [{'@type': 'type.googleapis.com/google.rpc.Help', 'links': [{'description': 'Learn more about Gemini API quotas', 'url': 'https://ai.google.dev/gemini-api/docs/rate-limits'}]}, {'@type': 'type.googleapis.com/google.rpc.QuotaFailure', 'violations': [{'quotaMetric': 'generativelanguage.googleapis.com/generate_content_free_tier_input_token_count', 'quotaId': 'GenerateContentInputTokensPerModelPerMinute-FreeTier', 'quotaDimensions': {'location': 'global', 'model': 'gemini-2.0-flash'}}, {'quotaMetric': 'generativelanguage.googleapis.com/generate_content_free_tier_requests', 'quotaId': 'GenerateRequestsPerMinutePerProjectPerModel-FreeTier', 'quotaDimensions': {'location': 'global', 'model': 'gemini-2.0-flash'}}, {'quotaMetric': 'generativelanguage.googleapis.com/generate_content_free_tier_requests', 'quotaId': 'GenerateRequestsPerDayPerProjectPerModel-FreeTier', 'quotaDimensions': {'location': 'global', 'model': 'gemini-2.0-flash'}}]}, {'@type': 'type.googleapis.com/google.rpc.RetryInfo', 'retryDelay': '32s'}]}}
2026-03-21 23:23:26 | INFO    | swarm.coordinator         | ↩️ Continuing to next iteration...
2026-03-21 23:23:28 | INFO    | swarm.coordinator         | ────────────────────────────────────────────────────────────
2026-03-21 23:23:28 | INFO    | swarm.coordinator         |   🔄 ITERATION 16/30
2026-03-21 23:23:28 | INFO    | swarm.coordinator         | ────────────────────────────────────────────────────────────
2026-03-21 23:23:28 | INFO    | swarm.coordinator         | 🛡️ Running Embedded BDD Sanity Checks...
2026-03-21 23:23:28 | INFO    | swarm.coordinator         | ✅ Architecture is sane.
2026-03-21 23:23:28 | INFO    | swarm.agents              | [MidLevelManager] Orchestrating research loop with Contextual Packets...
2026-03-21 23:23:28 | INFO    | swarm.agents              | [MidLevelManager] Stagnation or Size Limit detected. Performing Context Annealing...
2026-03-21 23:23:28 | INFO    | swarm.agents              | [MidLevelManager] Step 1: Brain (Strategy Update - Iteration 16)
2026-03-21 23:23:28 | INFO    | swarm.agents              | [MidLevelManager] Step 1a: Context Optimizer (Pruning State...)
2026-03-21 23:23:28 | INFO    | LiteLLM                   | 
LiteLLM completion() model= qwen2.5-coder:7b; provider = ollama
2026-03-21 23:23:30 | INFO    | swarm.main                | 🛑 Shutting down MCP Server...
2026-03-21 23:37:34 | INFO    | swarm.main                | ════════════════════════════════════════════════════════════
2026-03-21 23:37:34 | INFO    | swarm.main                |   🚀 ADK RESEARCH SWARM — SESSION START
2026-03-21 23:37:34 | INFO    | swarm.main                | ════════════════════════════════════════════════════════════
2026-03-21 23:37:34 | INFO    | swarm.main                | Timestamp: 2026-03-21T23:37:34.884580
2026-03-21 23:37:34 | INFO    | swarm.main                | Log file:  /Users/surfiniaburger/Desktop/kaggle-agi-eval-swarm/swarm.log
2026-03-21 23:37:34 | INFO    | swarm.main                | 🔑 Loaded .env credentials.
2026-03-21 23:37:34 | INFO    | swarm.main                | 🧪 Starting Research MCP Server...
2026-03-21 23:37:37 | INFO    | swarm.coordinator         | 📂 Loaded session state: iteration=16, best_gap=0.0
2026-03-21 23:37:37 | INFO    | swarm.main                | ════════════════════════════════════════════════════════════
2026-03-21 23:37:37 | INFO    | swarm.main                |   🤖 SWARM SESSION ACTIVE — ENTERING EVENT LOOP
2026-03-21 23:37:37 | INFO    | swarm.main                | ════════════════════════════════════════════════════════════
2026-03-21 23:37:37 | INFO    | swarm.coordinator         | ════════════════════════════════════════════════════════════
2026-03-21 23:37:37 | INFO    | swarm.coordinator         |   PHASE 1: ENVIRONMENT SETUP
2026-03-21 23:37:37 | INFO    | swarm.coordinator         | ════════════════════════════════════════════════════════════
2026-03-21 23:37:37 | INFO    | swarm.mcp_server          | 🐚 Executing: git checkout -b autoresearch/mar21-2337 in /Users/surfiniaburger/Desktop/kaggle-agi-eval-swarm/research_env
2026-03-21 23:37:37 | INFO    | swarm.coordinator         | ✅ Environment initialized.
2026-03-21 23:37:37 | INFO    | swarm.coordinator         | ════════════════════════════════════════════════════════════
2026-03-21 23:37:37 | INFO    | swarm.coordinator         |   PHASE 2: INITIAL BASECHMARK
2026-03-21 23:37:37 | INFO    | swarm.coordinator         | ════════════════════════════════════════════════════════════
2026-03-21 23:37:37 | INFO    | swarm.mcp_server          | 🐚 Executing: > run.log in /Users/surfiniaburger/Desktop/kaggle-agi-eval-swarm/research_env
2026-03-21 23:37:37 | INFO    | swarm.mcp_server          | 🐚 Executing: git add benchmark.py && git commit -m "autocommit: baseline-reset" in /Users/surfiniaburger/Desktop/kaggle-agi-eval-swarm/research_env
2026-03-21 23:37:37 | INFO    | swarm.mcp_server          | 🐚 Executing: uv run -q benchmark.py > run.log 2>&1 in /Users/surfiniaburger/Desktop/kaggle-agi-eval-swarm/research_env
2026-03-21 23:37:39 | INFO    | swarm.coordinator         | 📊 Baseline: gap=0.0 | status=keep
2026-03-21 23:37:39 | INFO    | swarm.coordinator         | ════════════════════════════════════════════════════════════
2026-03-21 23:37:39 | INFO    | swarm.coordinator         |   PHASE 3: AUTONOMOUS LOOP (max 30 iterations)
2026-03-21 23:37:39 | INFO    | swarm.coordinator         | ════════════════════════════════════════════════════════════
2026-03-21 23:37:39 | INFO    | swarm.coordinator         | ────────────────────────────────────────────────────────────
2026-03-21 23:37:39 | INFO    | swarm.coordinator         |   🔄 ITERATION 16/30
2026-03-21 23:37:39 | INFO    | swarm.coordinator         | ────────────────────────────────────────────────────────────
2026-03-21 23:37:39 | INFO    | swarm.coordinator         | 🛡️ Running Embedded BDD Sanity Checks...
2026-03-21 23:37:39 | INFO    | swarm.coordinator         | ✅ Architecture is sane.
2026-03-21 23:37:39 | INFO    | swarm.agents              | [MidLevelManager] Orchestrating research loop with Contextual Packets...
2026-03-21 23:37:39 | INFO    | swarm.agents              | [MidLevelManager] Stagnation or Size Limit detected. Performing Context Annealing...
2026-03-21 23:37:39 | INFO    | swarm.agents              | [MidLevelManager] Step 1: Brain (Strategy Update - Iteration 16)
2026-03-21 23:37:39 | INFO    | swarm.agents              | [MidLevelManager] Step 1a: Context Optimizer (Pruning State...)
2026-03-21 23:37:40 | INFO    | LiteLLM                   | 
LiteLLM completion() model= qwen2.5-coder:7b; provider = ollama
2026-03-21 23:37:49 | INFO    | swarm.events              | EVENT #0001 | author=ContextOptimizer     | final=True | preview=```json {   "current_axis": "Metacognitive Deep Drill",   "historical_narrative": "The objective is to develop a model w
2026-03-21 23:37:49 | INFO    | swarm.agents              | [MidLevelManager] State pruned. Injecting distilled JSON into Brain.
2026-03-21 23:37:49 | INFO    | swarm.agents              | [TheBrain] Analyzing results via shared documents...
2026-03-21 23:37:49 | INFO    | LiteLLM                   | 
LiteLLM completion() model= qwen3.5:9b; provider = ollama
2026-03-21 23:39:12 | INFO    | swarm.events              | EVENT #0002 | author=TheBrain             | final=True | preview=TARGET_NODE: benchmark_metacognition STRATEGY: Psychological Hypothesis: Metacognitive maturity in this drill is defined
2026-03-21 23:39:12 | INFO    | swarm.agents              | [MidLevelManager] Strategy category: 'confidence_calibration' (allowed)
2026-03-21 23:39:12 | INFO    | swarm.agents              | [MidLevelManager] Surgery Target identified: benchmark_metacognition
2026-03-21 23:39:12 | INFO    | swarm.agents              | [MidLevelManager] Step 2: Hands (Implementation - Attempt 1)
2026-03-21 23:39:12 | INFO    | swarm.agents              | [TheHands] Beginning code surgery...
2026-03-21 23:39:12 | INFO    | LiteLLM                   | 
LiteLLM completion() model= qwen2.5-coder:7b; provider = ollama
2026-03-21 23:39:24 | INFO    | swarm.events              | EVENT #0003 | author=TheHands             | final=True | preview=```python @kbench.task(max_tokens=256, model="ollama/qwen3.5:9b") async def benchmark_metacognition():     from google.a
2026-03-21 23:39:24 | INFO    | swarm.agents              | [TheHands] Code validation successful.
2026-03-21 23:39:24 | INFO    | swarm.agents              | [MidLevelManager] Step 3: Critic (Review)
2026-03-21 23:39:24 | INFO    | swarm.agents              | [TheCritic] Reviewing surgical patch...
2026-03-21 23:39:24 | INFO    | LiteLLM                   | 
LiteLLM completion() model= qwen3.5:9b; provider = ollama
2026-03-21 23:41:13 | INFO    | swarm.events              | EVENT #0004 | author=TheCritic            | final=True | preview=REJECT  **Reasoning:**  1.  **Failure of Assertion Filter:** The `ASSERTION FILTER` explicitly states: "If the proposed 
2026-03-21 23:41:13 | WARNING | swarm.agents              | [MidLevelManager] Code REJECTED by Critic. Attempting correction...
2026-03-21 23:41:13 | INFO    | swarm.agents              | [MidLevelManager] Step 2: Hands (Implementation - Attempt 2)
2026-03-21 23:41:13 | INFO    | swarm.agents              | [TheHands] Beginning code surgery...
2026-03-21 23:41:13 | INFO    | LiteLLM                   | 
LiteLLM completion() model= qwen2.5-coder:7b; provider = ollama
2026-03-21 23:41:25 | INFO    | swarm.events              | EVENT #0005 | author=TheHands             | final=True | preview=```python @kbench.task(max_tokens=256, model="ollama/qwen3.5:9b") async def benchmark_metacognition():     from google.a
2026-03-21 23:41:25 | INFO    | swarm.agents              | [TheHands] Code validation successful.
2026-03-21 23:41:25 | INFO    | swarm.agents              | [MidLevelManager] Step 3: Critic (Review)
2026-03-21 23:41:25 | INFO    | swarm.agents              | [TheCritic] Reviewing surgical patch...
2026-03-21 23:41:25 | INFO    | LiteLLM                   | 
LiteLLM completion() model= qwen3.5:9b; provider = ollama
